TemplateType=fptcustom;Version=2019.0519;TemplateSignature=U0hJUlQ=;The top 3 rows are for Amazon.com use only. Do not modify or delete the top 3 rows.;;;;;;;;;;;;;;;Images;;;;;;;;Variation;;;;Basic;;;;;;;;Discovery;;;;;;;;;;;;;;;;;Product Enrichment;;;;Dimensions;;;;;;;;;Fulfillment;;;;;;;Compliance;;;;;;;;;;;;;;;;;;;;;;;;;;;;;;;;;;;;;;;Offer;;;;;;;;;;;;;;;;;;;;;;;b2b;;;;;;;;;;;;;;
Product Type;Seller SKU;Brand Name;Product ID;Product ID Type;Product Name;Recommended Browse Nodes;Outer Material Type;Material Composition;Colour Map;Colour;Size;Department;Size Map;Adult Flag;Standard Price;Quantity;Main Image Url;Other Image Url1;Other Image Url2;Other Image Url3;Other Image Url4;Other Image Url5;Other Image Url6;Other Image Url7;Other Image Url8;Parentage;Parent SKU;Relationship Type;Variation Theme;Update Delete;Product Description;Inner Material Type;Product Care Instructions;Model Name;Model Number;Manufacturer Part Number;Product Exemption Reason;Search Terms;Season and collection year;Pattern description;Occasion description;Fitting type;Key Product Features;Key Product Features;Key Product Features;Key Product Features;Key Product Features;platinum-keywords1 - platinum-keywords5;platinum-keywords1 - platinum-keywords5;platinum-keywords1 - platinum-keywords5;platinum-keywords1 - platinum-keywords5;platinum-keywords1 - platinum-keywords5;Season;material_type;Style Name;Sleeve Type;Collar Style;size-modifier;Neck size;Neck Size unit;Shipping Weight;Website Shipping Weight Unit Of Measure;Item Width;Item Height;Item Shape;Item Dimensions Unit Of Measure;Item Length;Fulfillment Centre ID;Package Length;package-width;Package Height;Package Weight;Package Weight Unit Of Measure;Package Dimensions Unit Of Measure;Legal Disclaimer Description;Safety Warning;EU Toys Safety Directive Age-specific warning;EU Toys Safety Directive Non-Age-specific warning;EU Toys Safety Directive language warning;Country/Region Of Origin;Is this product a battery or does it utilise batteries?;Batteries are Included;Battery composition;Battery type/size;Battery type/size;Battery type/size;Number of batteries;Number of batteries;Number of batteries;Battery weight (grams);battery_weight_unit_of_measure;Number of Lithium Metal Cells;Number of Lithium-ion Cells;Lithium Battery Packaging;Watt hours per battery;lithium_battery_energy_content_unit_of_measure;Lithium content (grams);lithium_battery_weight_unit_of_measure;Applicable Dangerous Goods Regulations;Applicable Dangerous Goods Regulations;Applicable Dangerous Goods Regulations;Applicable Dangerous Goods Regulations;Applicable Dangerous Goods Regulations;UN number;Safety Data Sheet (SDS) URL;Item Weight;item_weight_unit_of_measure;Volume;item_volume_unit_of_measure;Flash point (°C)?;Categorization/GHS pictograms (select all that apply);Categorization/GHS pictograms (select all that apply);Categorization/GHS pictograms (select all that apply);Condition Type;condition_note;Currency;Handling Time;Sale Price;Sale From Date;Sale End Date;max-aggregate-ship-quantity;Package Quantity;Number of Items;Can Be Gift Messaged;Is Gift Wrap Available?;Is Discontinued by Manufacturer;Launch Date;Restock Date;Recommended Retail Price;Stop Selling Date;Max Order Quantity;Merchant Shipping Group;Offering Release Date;Scheduled Delivery SKU List;RRP;Product Tax Code;Business Price;Quantity Price Type;Quantity Lower Bound 1;Quantity Price 1;Quantity Lower Bound 2;Quantity Price 2;Quantity Lower Bound 3;Quantity Price 3;Quantity Lower Bound 4;Quantity Price 4;Quantity Lower Bound 5;Quantity Price 5;National Stock Number;United Nations Standard Products and Services Code;Pricing Action
feed_product_type;item_sku;brand_name;external_product_id;external_product_id_type;item_name;recommended_browse_nodes;outer_material_type;material_composition;color_map;color_name;size_name;department_name;size_map;is_adult_product;standard_price;quantity;main_image_url;other_image_url1;other_image_url2;other_image_url3;other_image_url4;other_image_url5;other_image_url6;other_image_url7;other_image_url8;parent_child;parent_sku;relationship_type;variation_theme;update_delete;product_description;inner_material_type;care_instructions;model_name;model;part_number;gtin_exemption_reason;generic_keywords;collection_name;pattern_type;lifestyle;fit_type;bullet_point1;bullet_point2;bullet_point3;bullet_point4;bullet_point5;platinum_keywords1;platinum_keywords2;platinum_keywords3;platinum_keywords4;platinum_keywords5;seasons;material_type;style_name;sleeve_type;collar_style;special_size_type;neck_size;neck_size_unit_of_measure;website_shipping_weight;website_shipping_weight_unit_of_measure;item_width;item_height;item_shape;item_dimensions_unit_of_measure;item_length;fulfillment_center_id;package_length;package_width;package_height;package_weight;package_weight_unit_of_measure;package_dimensions_unit_of_measure;legal_disclaimer_description;safety_warning;eu_toys_safety_directive_age_warning;eu_toys_safety_directive_warning;eu_toys_safety_directive_language;country_of_origin;batteries_required;are_batteries_included;battery_cell_composition;battery_type1;battery_type2;battery_type3;number_of_batteries1;number_of_batteries2;number_of_batteries3;battery_weight;battery_weight_unit_of_measure;number_of_lithium_metal_cells;number_of_lithium_ion_cells;lithium_battery_packaging;lithium_battery_energy_content;lithium_battery_energy_content_unit_of_measure;lithium_battery_weight;lithium_battery_weight_unit_of_measure;supplier_declared_dg_hz_regulation1;supplier_declared_dg_hz_regulation2;supplier_declared_dg_hz_regulation3;supplier_declared_dg_hz_regulation4;supplier_declared_dg_hz_regulation5;hazmat_united_nations_regulatory_id;safety_data_sheet_url;item_weight;item_weight_unit_of_measure;item_volume;item_volume_unit_of_measure;flash_point;ghs_classification_class1;ghs_classification_class2;ghs_classification_class3;condition_type;condition_note;currency;fulfillment_latency;sale_price;sale_from_date;sale_end_date;max_aggregate_ship_quantity;item_package_quantity;number_of_items;offering_can_be_gift_messaged;offering_can_be_giftwrapped;is_discontinued_by_manufacturer;product_site_launch_date;restock_date;list_price;offering_end_date;max_order_quantity;merchant_shipping_group_name;offering_start_date;delivery_schedule_group_id;uvp_list_price;product_tax_code;business_price;quantity_price_type;quantity_lower_bound1;quantity_price1;quantity_lower_bound2;quantity_price2;quantity_lower_bound3;quantity_price3;quantity_lower_bound4;quantity_price4;quantity_lower_bound5;quantity_price5;national_stock_number;unspsc_code;pricing_action
;;;;;;;;;;;;;;;;;;;;;;;;;;;;;;;;;;;;;;;;;;;;;;;;;;;;;;;;;;;;;;;;;;;;;;;;;;;;;;;;;;;;;;;;;;;;;;;;;;;;;;;;;;;;;;;;;;;;;;;;;;;;;;;;;;;;;;;;;;;;;;;;;;;;;;;
;;;;;;;;;;;;;;;;;;;;;;;;;;;;;;;;;;;;;;;;;;;;;;;;;;;;;;;;;;;;;;;;;;;;;;;;;;;;;;;;;;;;;;;;;;;;;;;;;;;;;;;;;;;;;;;;;;;;;;;;;;;;;;;;;;;;;;;;;;;;;;;;;;;;;;;
shirt;253 MBV parent;Anamita Tshirt;;GTIN; Men's Mens Men White T-shirt Tshirt T shirt;1731028031;Cotton;100% Cotton;White;White;;Men;;false;10.45;5000;a;https://www.dropbox.com/s/ibsqxpvt8qclz2z/vyriska_sizeguide.png?dl=0;;;;;;;;Parent;;;Size;;;;;;;;; Men's Mens Men White T-shirt Tshirt T shirt;Spring-Summer 12;;Casual;Regular Fit;High quality short sleeve Tshirt. Made in EU, France. ;Jersey made by professional silkography method. Paint made in United Kingdom. ;Could be great gift for a birthday, Christmas or other celebration. Write us and we will take care of surprise for someone!;Shirt is fashionable, stylish for nearly any occasion. Perfect match with any outfit. ;The item will be send by the same day. ;;;;;;Spring-Summer;Cotton;;;;;;;;;;;;;;;;;;;;;;;;;;;;;;;;;;;;;;;;;;;;;;;;;;;;;;;;;;;;;;GBP;;;;;;;;;;;;;;;;;;;;;;;;;;;;;;;;;;;
shirt;253 MBV S;Anamita Tshirt;;GTIN; Men's Mens Men White T-shirt Tshirt T shirt;1731028031;Cotton;100% Cotton;White;White;S;Men;Small;false;10.45;5000;a;https://www.dropbox.com/s/ibsqxpvt8qclz2z/vyriska_sizeguide.png?dl=0;;;;;;;;Child;253 MBV parent;Variation;Size;;;;;;;;; Men's Mens Men White T-shirt Tshirt T shirt;Spring-Summer 13;;Casual;Regular Fit;High quality short sleeve Tshirt. Made in EU, France. ;Jersey made by professional silkography method. Paint made in United Kingdom. ;Could be great gift for a birthday, Christmas or other celebration. Write us and we will take care of surprise for someone!;Shirt is fashionable, stylish for nearly any occasion. Perfect match with any outfit. ;The item will be send by the same day. ;;;;;;Spring-Summer;Cotton;;;;;;;;;;;;;;;;;;;;;;;;;;;;;;;;;;;;;;;;;;;;;;;;;;;;;;;;;;;;;;GBP;;;;;;;;;;;;;;;;;;;;;;;;;;;;;;;;;;;
shirt;253 MBV M;Anamita Tshirt;;GTIN; Men's Mens Men White T-shirt Tshirt T shirt;1731028031;Cotton;100% Cotton;White;White;M;Men;Medium;false;10.45;5000;a;https://www.dropbox.com/s/ibsqxpvt8qclz2z/vyriska_sizeguide.png?dl=0;;;;;;;;Child;253 MBV parent;Variation;Size;;;;;;;;; Men's Mens Men White T-shirt Tshirt T shirt;Spring-Summer 14;;Casual;Regular Fit;High quality short sleeve Tshirt. Made in EU, France. ;Jersey made by professional silkography method. Paint made in United Kingdom. ;Could be great gift for a birthday, Christmas or other celebration. Write us and we will take care of surprise for someone!;Shirt is fashionable, stylish for nearly any occasion. Perfect match with any outfit. ;The item will be send by the same day. ;;;;;;Spring-Summer;Cotton;;;;;;;;;;;;;;;;;;;;;;;;;;;;;;;;;;;;;;;;;;;;;;;;;;;;;;;;;;;;;;GBP;;;;;;;;;;;;;;;;;;;;;;;;;;;;;;;;;;;
shirt;253 MBV L;Anamita Tshirt;;GTIN; Men's Mens Men White T-shirt Tshirt T shirt;1731028031;Cotton;100% Cotton;White;White;L;Men;Large;false;10.45;5000;a;https://www.dropbox.com/s/ibsqxpvt8qclz2z/vyriska_sizeguide.png?dl=0;;;;;;;;Child;253 MBV parent;Variation;Size;;;;;;;;; Men's Mens Men White T-shirt Tshirt T shirt;Spring-Summer 15;;Casual;Regular Fit;High quality short sleeve Tshirt. Made in EU, France. ;Jersey made by professional silkography method. Paint made in United Kingdom. ;Could be great gift for a birthday, Christmas or other celebration. Write us and we will take care of surprise for someone!;Shirt is fashionable, stylish for nearly any occasion. Perfect match with any outfit. ;The item will be send by the same day. ;;;;;;Spring-Summer;Cotton;;;;;;;;;;;;;;;;;;;;;;;;;;;;;;;;;;;;;;;;;;;;;;;;;;;;;;;;;;;;;;GBP;;;;;;;;;;;;;;;;;;;;;;;;;;;;;;;;;;;
shirt;253 MBV XL;Anamita Tshirt;;GTIN; Men's Mens Men White T-shirt Tshirt T shirt;1731028031;Cotton;100% Cotton;White;White;XL;Men;X-Large;false;10.45;5000;a;https://www.dropbox.com/s/ibsqxpvt8qclz2z/vyriska_sizeguide.png?dl=0;;;;;;;;Child;253 MBV parent;Variation;Size;;;;;;;;; Men's Mens Men White T-shirt Tshirt T shirt;Spring-Summer 16;;Casual;Regular Fit;High quality short sleeve Tshirt. Made in EU, France. ;Jersey made by professional silkography method. Paint made in United Kingdom. ;Could be great gift for a birthday, Christmas or other celebration. Write us and we will take care of surprise for someone!;Shirt is fashionable, stylish for nearly any occasion. Perfect match with any outfit. ;The item will be send by the same day. ;;;;;;Spring-Summer;Cotton;;;;;;;;;;;;;;;;;;;;;;;;;;;;;;;;;;;;;;;;;;;;;;;;;;;;;;;;;;;;;;GBP;;;;;;;;;;;;;;;;;;;;;;;;;;;;;;;;;;;
shirt;253 MBV XXL;Anamita Tshirt;;GTIN; Men's Mens Men White T-shirt Tshirt T shirt;1731028031;Cotton;100% Cotton;White;White;XXL;Men;XX-Large;false;10.45;5000;a;https://www.dropbox.com/s/ibsqxpvt8qclz2z/vyriska_sizeguide.png?dl=0;;;;;;;;Child;253 MBV parent;Variation;Size;;;;;;;;; Men's Mens Men White T-shirt Tshirt T shirt;Spring-Summer 17;;Casual;Regular Fit;High quality short sleeve Tshirt. Made in EU, France. ;Jersey made by professional silkography method. Paint made in United Kingdom. ;Could be great gift for a birthday, Christmas or other celebration. Write us and we will take care of surprise for someone!;Shirt is fashionable, stylish for nearly any occasion. Perfect match with any outfit. ;The item will be send by the same day. ;;;;;;Spring-Summer;Cotton;;;;;;;;;;;;;;;;;;;;;;;;;;;;;;;;;;;;;;;;;;;;;;;;;;;;;;;;;;;;;;GBP;;;;;;;;;;;;;;;;;;;;;;;;;;;;;;;;;;;
,;;;;;;;;;;;;;;;;;;;;;;;;;;;;;;;;;;;;;;;;;;;;;;;;;;;;;;;;;;;;;;;;;;;;;;;;;;;;;;;;;;;;;;;;;;;;;;;;;;;;;;;;;;;;;;;;;;;;;;;;;;;;;;;;;;;;;;;;;;;;;;;;;;;;;;
shirt;253 MBM parent;Anamita Tshirt;;GTIN; Women's Womens Women White T-shirt Tshirt T shirt;1731502031;Cotton;100% Cotton;White;White;;Women;;false;10.45;5000;d;https://www.dropbox.com/s/dgkidatwk5bnsf6/moteriska_guide.png?dl=0;;;;;;;;Parent;;;Size;;;;;;;;; Women's Womens Women White T-shirt Tshirt T shirt;Spring-Summer 12;;Casual;Regular Fit;High quality short sleeve Tshirt. Made in EU, France. ;Jersey made by professional silkography method. Paint made in United Kingdom. ;Could be great gift for a birthday, Christmas or other celebration. Write us and we will take care of surprise for someone!;Shirt is fashionable, stylish for nearly any occasion. Perfect match with any outfit. ;The item will be send by the same day. ;;;;;;Spring-Summer;Cotton;;;;;;;;;;;;;;;;;;;;;;;;;;;;;;;;;;;;;;;;;;;;;;;;;;;;;;;;;;;;;;GBP;;;;;;;;;;;;;;;;;;;;;;;;;;;;;;;;;;;
shirt;253 MBM S;Anamita Tshirt;;GTIN; Women's Womens Women White T-shirt Tshirt T shirt;1731502031;Cotton;100% Cotton;White;White;S;Women;Small;false;10.45;5000;d;https://www.dropbox.com/s/dgkidatwk5bnsf6/moteriska_guide.png?dl=0;;;;;;;;Child;253 MBM parent;Variation;Size;;;;;;;;; Women's Womens Women White T-shirt Tshirt T shirt;Spring-Summer 13;;Casual;Regular Fit;High quality short sleeve Tshirt. Made in EU, France. ;Jersey made by professional silkography method. Paint made in United Kingdom. ;Could be great gift for a birthday, Christmas or other celebration. Write us and we will take care of surprise for someone!;Shirt is fashionable, stylish for nearly any occasion. Perfect match with any outfit. ;The item will be send by the same day. ;;;;;;Spring-Summer;Cotton;;;;;;;;;;;;;;;;;;;;;;;;;;;;;;;;;;;;;;;;;;;;;;;;;;;;;;;;;;;;;;GBP;;;;;;;;;;;;;;;;;;;;;;;;;;;;;;;;;;;
shirt;253 MBM M;Anamita Tshirt;;GTIN; Women's Womens Women White T-shirt Tshirt T shirt;1731502031;Cotton;100% Cotton;White;White;M;Women;Medium;false;10.45;5000;d;https://www.dropbox.com/s/dgkidatwk5bnsf6/moteriska_guide.png?dl=0;;;;;;;;Child;253 MBM parent;Variation;Size;;;;;;;;; Women's Womens Women White T-shirt Tshirt T shirt;Spring-Summer 14;;Casual;Regular Fit;High quality short sleeve Tshirt. Made in EU, France. ;Jersey made by professional silkography method. Paint made in United Kingdom. ;Could be great gift for a birthday, Christmas or other celebration. Write us and we will take care of surprise for someone!;Shirt is fashionable, stylish for nearly any occasion. Perfect match with any outfit. ;The item will be send by the same day. ;;;;;;Spring-Summer;Cotton;;;;;;;;;;;;;;;;;;;;;;;;;;;;;;;;;;;;;;;;;;;;;;;;;;;;;;;;;;;;;;GBP;;;;;;;;;;;;;;;;;;;;;;;;;;;;;;;;;;;
shirt;253 MBM L;Anamita Tshirt;;GTIN; Women's Womens Women White T-shirt Tshirt T shirt;1731502031;Cotton;100% Cotton;White;White;L;Women;Large;false;10.45;5000;d;https://www.dropbox.com/s/dgkidatwk5bnsf6/moteriska_guide.png?dl=0;;;;;;;;Child;253 MBM parent;Variation;Size;;;;;;;;; Women's Womens Women White T-shirt Tshirt T shirt;Spring-Summer 15;;Casual;Regular Fit;High quality short sleeve Tshirt. Made in EU, France. ;Jersey made by professional silkography method. Paint made in United Kingdom. ;Could be great gift for a birthday, Christmas or other celebration. Write us and we will take care of surprise for someone!;Shirt is fashionable, stylish for nearly any occasion. Perfect match with any outfit. ;The item will be send by the same day. ;;;;;;Spring-Summer;Cotton;;;;;;;;;;;;;;;;;;;;;;;;;;;;;;;;;;;;;;;;;;;;;;;;;;;;;;;;;;;;;;GBP;;;;;;;;;;;;;;;;;;;;;;;;;;;;;;;;;;;
shirt;253 MBM XL;Anamita Tshirt;;GTIN; Women's Womens Women White T-shirt Tshirt T shirt;1731502031;Cotton;100% Cotton;White;White;XL;Women;X-Large;false;10.45;5000;d;https://www.dropbox.com/s/dgkidatwk5bnsf6/moteriska_guide.png?dl=0;;;;;;;;Child;253 MBM parent;Variation;Size;;;;;;;;; Women's Womens Women White T-shirt Tshirt T shirt;Spring-Summer 16;;Casual;Regular Fit;High quality short sleeve Tshirt. Made in EU, France. ;Jersey made by professional silkography method. Paint made in United Kingdom. ;Could be great gift for a birthday, Christmas or other celebration. Write us and we will take care of surprise for someone!;Shirt is fashionable, stylish for nearly any occasion. Perfect match with any outfit. ;The item will be send by the same day. ;;;;;;Spring-Summer;Cotton;;;;;;;;;;;;;;;;;;;;;;;;;;;;;;;;;;;;;;;;;;;;;;;;;;;;;;;;;;;;;;GBP;;;;;;;;;;;;;;;;;;;;;;;;;;;;;;;;;;;
shirt;253 MBM XXL;Anamita Tshirt;;GTIN; Women's Womens Women White T-shirt Tshirt T shirt;1731502031;Cotton;100% Cotton;White;White;XXL;Women;XX-Large;false;10.45;5000;d;https://www.dropbox.com/s/dgkidatwk5bnsf6/moteriska_guide.png?dl=0;;;;;;;;Child;253 MBM parent;Variation;Size;;;;;;;;; Women's Womens Women White T-shirt Tshirt T shirt;Spring-Summer 17;;Casual;Regular Fit;High quality short sleeve Tshirt. Made in EU, France. ;Jersey made by professional silkography method. Paint made in United Kingdom. ;Could be great gift for a birthday, Christmas or other celebration. Write us and we will take care of surprise for someone!;Shirt is fashionable, stylish for nearly any occasion. Perfect match with any outfit. ;The item will be send by the same day. ;;;;;;Spring-Summer;Cotton;;;;;;;;;;;;;;;;;;;;;;;;;;;;;;;;;;;;;;;;;;;;;;;;;;;;;;;;;;;;;;GBP;;;;;;;;;;;;;;;;;;;;;;;;;;;;;;;;;;;
,;;;;;;;;;;;;;;;;;;;;;;;;;;;;;;;;;;;;;;;;;;;;;;;;;;;;;;;;;;;;;;;;;;;;;;;;;;;;;;;;;;;;;;;;;;;;;;;;;;;;;;;;;;;;;;;;;;;;;;;;;;;;;;;;;;;;;;;;;;;;;;;;;;;;;;
shirt;253 MPV parent;Anamita Tshirt;;GTIN; Men's Mens Men Grey Crew Neck T-shirt Tshirt T shirt;1731028031;Cotton;100% Cotton;Grey;Grey;;Men;;false;10.45;5000;fc;https://www.dropbox.com/s/ibsqxpvt8qclz2z/vyriska_sizeguide.png?dl=0;;;;;;;;Parent;;;Size;;;;;;;;; Men's Mens Men Grey Crew Neck T-shirt Tshirt T shirt;Spring-Summer 12;;Casual;Regular Fit;High quality short sleeve Tshirt. Made in EU, France. ;Jersey made by professional silkography method. Paint made in United Kingdom. ;Could be great gift for a birthday, Christmas or other celebration. Write us and we will take care of surprise for someone!;Shirt is fashionable, stylish for nearly any occasion. Perfect match with any outfit. ;The item will be send by the same day. ;;;;;;Spring-Summer;Cotton;;;;;;;;;;;;;;;;;;;;;;;;;;;;;;;;;;;;;;;;;;;;;;;;;;;;;;;;;;;;;;GBP;;;;;;;;;;;;;;;;;;;;;;;;;;;;;;;;;;;
shirt;253 MPV S;Anamita Tshirt;;GTIN; Men's Mens Men Grey Crew Neck T-shirt Tshirt T shirt;1731028031;Cotton;100% Cotton;Grey;Grey;S;Men;Small;false;10.45;5000;fc;https://www.dropbox.com/s/ibsqxpvt8qclz2z/vyriska_sizeguide.png?dl=0;;;;;;;;Child;253 MPV parent;Variation;Size;;;;;;;;; Men's Mens Men Grey Crew Neck T-shirt Tshirt T shirt;Spring-Summer 13;;Casual;Regular Fit;High quality short sleeve Tshirt. Made in EU, France. ;Jersey made by professional silkography method. Paint made in United Kingdom. ;Could be great gift for a birthday, Christmas or other celebration. Write us and we will take care of surprise for someone!;Shirt is fashionable, stylish for nearly any occasion. Perfect match with any outfit. ;The item will be send by the same day. ;;;;;;Spring-Summer;Cotton;;;;;;;;;;;;;;;;;;;;;;;;;;;;;;;;;;;;;;;;;;;;;;;;;;;;;;;;;;;;;;GBP;;;;;;;;;;;;;;;;;;;;;;;;;;;;;;;;;;;
shirt;253 MPV M;Anamita Tshirt;;GTIN; Men's Mens Men Grey Crew Neck T-shirt Tshirt T shirt;1731028031;Cotton;100% Cotton;Grey;Grey;M;Men;Medium;false;10.45;5000;fc;https://www.dropbox.com/s/ibsqxpvt8qclz2z/vyriska_sizeguide.png?dl=0;;;;;;;;Child;253 MPV parent;Variation;Size;;;;;;;;; Men's Mens Men Grey Crew Neck T-shirt Tshirt T shirt;Spring-Summer 14;;Casual;Regular Fit;High quality short sleeve Tshirt. Made in EU, France. ;Jersey made by professional silkography method. Paint made in United Kingdom. ;Could be great gift for a birthday, Christmas or other celebration. Write us and we will take care of surprise for someone!;Shirt is fashionable, stylish for nearly any occasion. Perfect match with any outfit. ;The item will be send by the same day. ;;;;;;Spring-Summer;Cotton;;;;;;;;;;;;;;;;;;;;;;;;;;;;;;;;;;;;;;;;;;;;;;;;;;;;;;;;;;;;;;GBP;;;;;;;;;;;;;;;;;;;;;;;;;;;;;;;;;;;
shirt;253 MPV L;Anamita Tshirt;;GTIN; Men's Mens Men Grey Crew Neck T-shirt Tshirt T shirt;1731028031;Cotton;100% Cotton;Grey;Grey;L;Men;Large;false;10.45;5000;fc;https://www.dropbox.com/s/ibsqxpvt8qclz2z/vyriska_sizeguide.png?dl=0;;;;;;;;Child;253 MPV parent;Variation;Size;;;;;;;;; Men's Mens Men Grey Crew Neck T-shirt Tshirt T shirt;Spring-Summer 15;;Casual;Regular Fit;High quality short sleeve Tshirt. Made in EU, France. ;Jersey made by professional silkography method. Paint made in United Kingdom. ;Could be great gift for a birthday, Christmas or other celebration. Write us and we will take care of surprise for someone!;Shirt is fashionable, stylish for nearly any occasion. Perfect match with any outfit. ;The item will be send by the same day. ;;;;;;Spring-Summer;Cotton;;;;;;;;;;;;;;;;;;;;;;;;;;;;;;;;;;;;;;;;;;;;;;;;;;;;;;;;;;;;;;GBP;;;;;;;;;;;;;;;;;;;;;;;;;;;;;;;;;;;
shirt;253 MPV XL;Anamita Tshirt;;GTIN; Men's Mens Men Grey Crew Neck T-shirt Tshirt T shirt;1731028031;Cotton;100% Cotton;Grey;Grey;XL;Men;X-Large;false;10.45;5000;fc;https://www.dropbox.com/s/ibsqxpvt8qclz2z/vyriska_sizeguide.png?dl=0;;;;;;;;Child;253 MPV parent;Variation;Size;;;;;;;;; Men's Mens Men Grey Crew Neck T-shirt Tshirt T shirt;Spring-Summer 16;;Casual;Regular Fit;High quality short sleeve Tshirt. Made in EU, France. ;Jersey made by professional silkography method. Paint made in United Kingdom. ;Could be great gift for a birthday, Christmas or other celebration. Write us and we will take care of surprise for someone!;Shirt is fashionable, stylish for nearly any occasion. Perfect match with any outfit. ;The item will be send by the same day. ;;;;;;Spring-Summer;Cotton;;;;;;;;;;;;;;;;;;;;;;;;;;;;;;;;;;;;;;;;;;;;;;;;;;;;;;;;;;;;;;GBP;;;;;;;;;;;;;;;;;;;;;;;;;;;;;;;;;;;
shirt;253 MPV XXL;Anamita Tshirt;;GTIN; Men's Mens Men Grey Crew Neck T-shirt Tshirt T shirt;1731028031;Cotton;100% Cotton;Grey;Grey;XXL;Men;XX-Large;false;10.45;5000;fc;https://www.dropbox.com/s/ibsqxpvt8qclz2z/vyriska_sizeguide.png?dl=0;;;;;;;;Child;253 MPV parent;Variation;Size;;;;;;;;; Men's Mens Men Grey Crew Neck T-shirt Tshirt T shirt;Spring-Summer 17;;Casual;Regular Fit;High quality short sleeve Tshirt. Made in EU, France. ;Jersey made by professional silkography method. Paint made in United Kingdom. ;Could be great gift for a birthday, Christmas or other celebration. Write us and we will take care of surprise for someone!;Shirt is fashionable, stylish for nearly any occasion. Perfect match with any outfit. ;The item will be send by the same day. ;;;;;;Spring-Summer;Cotton;;;;;;;;;;;;;;;;;;;;;;;;;;;;;;;;;;;;;;;;;;;;;;;;;;;;;;;;;;;;;;GBP;;;;;;;;;;;;;;;;;;;;;;;;;;;;;;;;;;;
,;;;;;;;;;;;;;;;;;;;;;;;;;;;;;;;;;;;;;;;;;;;;;;;;;;;;;;;;;;;;;;;;;;;;;;;;;;;;;;;;;;;;;;;;;;;;;;;;;;;;;;;;;;;;;;;;;;;;;;;;;;;;;;;;;;;;;;;;;;;;;;;;;;;;;;
shirt;253 MPM parent;Anamita Tshirt;;GTIN; Women's Womens Women Grey T-shirt Tshirt T shirt;1731502031;Cotton;100% Cotton;Grey;Grey;;Women;;false;10.45;5000;d;https://www.dropbox.com/s/dgkidatwk5bnsf6/moteriska_guide.png?dl=0;;;;;;;;Parent;;;Size;;;;;;;;; Women's Womens Women Grey T-shirt Tshirt T shirt;Spring-Summer 12;;Casual;Regular Fit;High quality short sleeve Tshirt. Made in EU, France. ;Jersey made by professional silkography method. Paint made in United Kingdom. ;Could be great gift for a birthday, Christmas or other celebration. Write us and we will take care of surprise for someone!;Shirt is fashionable, stylish for nearly any occasion. Perfect match with any outfit. ;The item will be send by the same day. ;;;;;;Spring-Summer;Cotton;;;;;;;;;;;;;;;;;;;;;;;;;;;;;;;;;;;;;;;;;;;;;;;;;;;;;;;;;;;;;;GBP;;;;;;;;;;;;;;;;;;;;;;;;;;;;;;;;;;;
shirt;253 MPM S;Anamita Tshirt;;GTIN; Women's Womens Women Grey T-shirt Tshirt T shirt;1731502031;Cotton;100% Cotton;Grey;Grey;S;Women;Small;false;10.45;5000;d;https://www.dropbox.com/s/dgkidatwk5bnsf6/moteriska_guide.png?dl=0;;;;;;;;Child;253 MPM parent;Variation;Size;;;;;;;;; Women's Womens Women Grey T-shirt Tshirt T shirt;Spring-Summer 13;;Casual;Regular Fit;High quality short sleeve Tshirt. Made in EU, France. ;Jersey made by professional silkography method. Paint made in United Kingdom. ;Could be great gift for a birthday, Christmas or other celebration. Write us and we will take care of surprise for someone!;Shirt is fashionable, stylish for nearly any occasion. Perfect match with any outfit. ;The item will be send by the same day. ;;;;;;Spring-Summer;Cotton;;;;;;;;;;;;;;;;;;;;;;;;;;;;;;;;;;;;;;;;;;;;;;;;;;;;;;;;;;;;;;GBP;;;;;;;;;;;;;;;;;;;;;;;;;;;;;;;;;;;
shirt;253 MPM M;Anamita Tshirt;;GTIN; Women's Womens Women Grey T-shirt Tshirt T shirt;1731502031;Cotton;100% Cotton;Grey;Grey;M;Women;Medium;false;10.45;5000;d;https://www.dropbox.com/s/dgkidatwk5bnsf6/moteriska_guide.png?dl=0;;;;;;;;Child;253 MPM parent;Variation;Size;;;;;;;;; Women's Womens Women Grey T-shirt Tshirt T shirt;Spring-Summer 14;;Casual;Regular Fit;High quality short sleeve Tshirt. Made in EU, France. ;Jersey made by professional silkography method. Paint made in United Kingdom. ;Could be great gift for a birthday, Christmas or other celebration. Write us and we will take care of surprise for someone!;Shirt is fashionable, stylish for nearly any occasion. Perfect match with any outfit. ;The item will be send by the same day. ;;;;;;Spring-Summer;Cotton;;;;;;;;;;;;;;;;;;;;;;;;;;;;;;;;;;;;;;;;;;;;;;;;;;;;;;;;;;;;;;GBP;;;;;;;;;;;;;;;;;;;;;;;;;;;;;;;;;;;
shirt;253 MPM L;Anamita Tshirt;;GTIN; Women's Womens Women Grey T-shirt Tshirt T shirt;1731502031;Cotton;100% Cotton;Grey;Grey;L;Women;Large;false;10.45;5000;d;https://www.dropbox.com/s/dgkidatwk5bnsf6/moteriska_guide.png?dl=0;;;;;;;;Child;253 MPM parent;Variation;Size;;;;;;;;; Women's Womens Women Grey T-shirt Tshirt T shirt;Spring-Summer 15;;Casual;Regular Fit;High quality short sleeve Tshirt. Made in EU, France. ;Jersey made by professional silkography method. Paint made in United Kingdom. ;Could be great gift for a birthday, Christmas or other celebration. Write us and we will take care of surprise for someone!;Shirt is fashionable, stylish for nearly any occasion. Perfect match with any outfit. ;The item will be send by the same day. ;;;;;;Spring-Summer;Cotton;;;;;;;;;;;;;;;;;;;;;;;;;;;;;;;;;;;;;;;;;;;;;;;;;;;;;;;;;;;;;;GBP;;;;;;;;;;;;;;;;;;;;;;;;;;;;;;;;;;;
shirt;253 MPM XL;Anamita Tshirt;;GTIN; Women's Womens Women Grey T-shirt Tshirt T shirt;1731502031;Cotton;100% Cotton;Grey;Grey;XL;Women;X-Large;false;10.45;5000;d;https://www.dropbox.com/s/dgkidatwk5bnsf6/moteriska_guide.png?dl=0;;;;;;;;Child;253 MPM parent;Variation;Size;;;;;;;;; Women's Womens Women Grey T-shirt Tshirt T shirt;Spring-Summer 16;;Casual;Regular Fit;High quality short sleeve Tshirt. Made in EU, France. ;Jersey made by professional silkography method. Paint made in United Kingdom. ;Could be great gift for a birthday, Christmas or other celebration. Write us and we will take care of surprise for someone!;Shirt is fashionable, stylish for nearly any occasion. Perfect match with any outfit. ;The item will be send by the same day. ;;;;;;Spring-Summer;Cotton;;;;;;;;;;;;;;;;;;;;;;;;;;;;;;;;;;;;;;;;;;;;;;;;;;;;;;;;;;;;;;GBP;;;;;;;;;;;;;;;;;;;;;;;;;;;;;;;;;;;
shirt;253 MPM XXL;Anamita Tshirt;;GTIN; Women's Womens Women Grey T-shirt Tshirt T shirt;1731502031;Cotton;100% Cotton;Grey;Grey;XXL;Women;XX-Large;false;10.45;5000;d;https://www.dropbox.com/s/dgkidatwk5bnsf6/moteriska_guide.png?dl=0;;;;;;;;Child;253 MPM parent;Variation;Size;;;;;;;;; Women's Womens Women Grey T-shirt Tshirt T shirt;Spring-Summer 17;;Casual;Regular Fit;High quality short sleeve Tshirt. Made in EU, France. ;Jersey made by professional silkography method. Paint made in United Kingdom. ;Could be great gift for a birthday, Christmas or other celebration. Write us and we will take care of surprise for someone!;Shirt is fashionable, stylish for nearly any occasion. Perfect match with any outfit. ;The item will be send by the same day. ;;;;;;Spring-Summer;Cotton;;;;;;;;;;;;;;;;;;;;;;;;;;;;;;;;;;;;;;;;;;;;;;;;;;;;;;;;;;;;;;GBP;;;;;;;;;;;;;;;;;;;;;;;;;;;;;;;;;;;
,;;;;;;;;;;;;;;;;;;;;;;;;;;;;;;;;;;;;;;;;;;;;;;;;;;;;;;;;;;;;;;;;;;;;;;;;;;;;;;;;;;;;;;;;;;;;;;;;;;;;;;;;;;;;;;;;;;;;;;;;;;;;;;;;;;;;;;;;;;;;;;;;;;;;;;
shirt;253 MBK parent;Anamita Tshirt;;GTIN; Kids Children Unisex Boys Boy Girls Girl White T-shirt Tshirt T shirt;1730918031;Cotton;100% Cotton;White;White;;Girls;;false;10.45;5000;fds;https://www.dropbox.com/s/cahz4bi9vtzhezb/vaikiska_guide.png?dl=0;;;;;;;;Parent;;;Size;;;;;;;;; Kids Children Unisex Boys Boy Girls Girl White T-shirt Tshirt T shirt;Spring-Summer 12;;Casual;Regular Fit;High quality short sleeve Tshirt. Made in EU, France. ;Jersey made by professional silkography method. Paint made in United Kingdom. ;Could be great gift for a birthday, Christmas or other celebration. Write us and we will take care of surprise for someone!;Shirt is fashionable, stylish for nearly any occasion. Perfect match with any outfit. ;The item will be send by the same day. ;;;;;;Spring-Summer;Cotton;;;;;;;;;;;;;;;;;;;;;;;;;;;;;;;;;;;;;;;;;;;;;;;;;;;;;;;;;;;;;;GBP;;;;;;;;;;;;;;;;;;;;;;;;;;;;;;;;;;;
shirt;253 MBK XS;Anamita Tshirt;;GTIN; Kids Children Unisex Boys Boy Girls Girl White T-shirt Tshirt T shirt;1730918031;Cotton;100% Cotton;White;White;XS (110-116cm) (5-6 years);Girls;X-Small;false;10.45;5000;fds;https://www.dropbox.com/s/cahz4bi9vtzhezb/vaikiska_guide.png?dl=0;;;;;;;;Child;253 MBK parent;Variation;Size;;;;;;;;; Kids Children Unisex Boys Boy Girls Girl White T-shirt Tshirt T shirt;Spring-Summer 13;;Casual;Regular Fit;High quality short sleeve Tshirt. Made in EU, France. ;Jersey made by professional silkography method. Paint made in United Kingdom. ;Could be great gift for a birthday, Christmas or other celebration. Write us and we will take care of surprise for someone!;Shirt is fashionable, stylish for nearly any occasion. Perfect match with any outfit. ;The item will be send by the same day. ;;;;;;Spring-Summer;Cotton;;;;;;;;;;;;;;;;;;;;;;;;;;;;;;;;;;;;;;;;;;;;;;;;;;;;;;;;;;;;;;GBP;;;;;;;;;;;;;;;;;;;;;;;;;;;;;;;;;;;
shirt;253 MBK S;Anamita Tshirt;;GTIN; Kids Children Unisex Boys Boy Girls Girl White T-shirt Tshirt T shirt;1730918031;Cotton;100% Cotton;White;White;S (122-128cm) (7-8 years);Girls;Small;false;10.45;5000;fds;https://www.dropbox.com/s/cahz4bi9vtzhezb/vaikiska_guide.png?dl=0;;;;;;;;Child;253 MBK parent;Variation;Size;;;;;;;;; Kids Children Unisex Boys Boy Girls Girl White T-shirt Tshirt T shirt;Spring-Summer 14;;Casual;Regular Fit;High quality short sleeve Tshirt. Made in EU, France. ;Jersey made by professional silkography method. Paint made in United Kingdom. ;Could be great gift for a birthday, Christmas or other celebration. Write us and we will take care of surprise for someone!;Shirt is fashionable, stylish for nearly any occasion. Perfect match with any outfit. ;The item will be send by the same day. ;;;;;;Spring-Summer;Cotton;;;;;;;;;;;;;;;;;;;;;;;;;;;;;;;;;;;;;;;;;;;;;;;;;;;;;;;;;;;;;;GBP;;;;;;;;;;;;;;;;;;;;;;;;;;;;;;;;;;;
shirt;253 MBK M;Anamita Tshirt;;GTIN; Kids Children Unisex Boys Boy Girls Girl White T-shirt Tshirt T shirt;1730918031;Cotton;100% Cotton;White;White;M (134-140cm) (9-10 years);Girls;Medium;false;10.45;5000;fds;https://www.dropbox.com/s/cahz4bi9vtzhezb/vaikiska_guide.png?dl=0;;;;;;;;Child;253 MBK parent;Variation;Size;;;;;;;;; Kids Children Unisex Boys Boy Girls Girl White T-shirt Tshirt T shirt;Spring-Summer 15;;Casual;Regular Fit;High quality short sleeve Tshirt. Made in EU, France. ;Jersey made by professional silkography method. Paint made in United Kingdom. ;Could be great gift for a birthday, Christmas or other celebration. Write us and we will take care of surprise for someone!;Shirt is fashionable, stylish for nearly any occasion. Perfect match with any outfit. ;The item will be send by the same day. ;;;;;;Spring-Summer;Cotton;;;;;;;;;;;;;;;;;;;;;;;;;;;;;;;;;;;;;;;;;;;;;;;;;;;;;;;;;;;;;;GBP;;;;;;;;;;;;;;;;;;;;;;;;;;;;;;;;;;;
shirt;253 MBK L;Anamita Tshirt;;GTIN; Kids Children Unisex Boys Boy Girls Girl White T-shirt Tshirt T shirt;1730918031;Cotton;100% Cotton;White;White;L (146-152cm) (11-12 years);Girls;Large;false;10.45;5000;fds;https://www.dropbox.com/s/cahz4bi9vtzhezb/vaikiska_guide.png?dl=0;;;;;;;;Child;253 MBK parent;Variation;Size;;;;;;;;; Kids Children Unisex Boys Boy Girls Girl White T-shirt Tshirt T shirt;Spring-Summer 16;;Casual;Regular Fit;High quality short sleeve Tshirt. Made in EU, France. ;Jersey made by professional silkography method. Paint made in United Kingdom. ;Could be great gift for a birthday, Christmas or other celebration. Write us and we will take care of surprise for someone!;Shirt is fashionable, stylish for nearly any occasion. Perfect match with any outfit. ;The item will be send by the same day. ;;;;;;Spring-Summer;Cotton;;;;;;;;;;;;;;;;;;;;;;;;;;;;;;;;;;;;;;;;;;;;;;;;;;;;;;;;;;;;;;GBP;;;;;;;;;;;;;;;;;;;;;;;;;;;;;;;;;;;
shirt;253 MBK XL;Anamita Tshirt;;GTIN; Kids Children Unisex Boys Boy Girls Girl White T-shirt Tshirt T shirt;1730918031;Cotton;100% Cotton;White;White;XL (158-164cm) (12-13 years);Girls;X-Large;false;10.45;5000;fds;https://www.dropbox.com/s/cahz4bi9vtzhezb/vaikiska_guide.png?dl=0;;;;;;;;Child;253 MBK parent;Variation;Size;;;;;;;;; Kids Children Unisex Boys Boy Girls Girl White T-shirt Tshirt T shirt;Spring-Summer 17;;Casual;Regular Fit;High quality short sleeve Tshirt. Made in EU, France. ;Jersey made by professional silkography method. Paint made in United Kingdom. ;Could be great gift for a birthday, Christmas or other celebration. Write us and we will take care of surprise for someone!;Shirt is fashionable, stylish for nearly any occasion. Perfect match with any outfit. ;The item will be send by the same day. ;;;;;;Spring-Summer;Cotton;;;;;;;;;;;;;;;;;;;;;;;;;;;;;;;;;;;;;;;;;;;;;;;;;;;;;;;;;;;;;;GBP;;;;;;;;;;;;;;;;;;;;;;;;;;;;;;;;;;;
,;;;;;;;;;;;;;;;;;;;;;;;;;;;;;;;;;;;;;;;;;;;;;;;;;;;;;;;;;;;;;;;;;;;;;;;;;;;;;;;;;;;;;;;;;;;;;;;;;;;;;;;;;;;;;;;;;;;;;;;;;;;;;;;;;;;;;;;;;;;;;;;;;;;;;;
shirt;253 MPK parent;Anamita Tshirt;;GTIN; Kids Children Unisex Boys Boy Girls Girl Grey T-shirt Tshirt T shirt;1730918031;Cotton;100% Cotton;Grey;Grey;;Girls;;false;10.45;5000;f;https://www.dropbox.com/s/cahz4bi9vtzhezb/vaikiska_guide.png?dl=0;;;;;;;;Parent;;;Size;;;;;;;;; Kids Children Unisex Boys Boy Girls Girl Grey T-shirt Tshirt T shirt;Spring-Summer 12;;Casual;Regular Fit;High quality short sleeve Tshirt. Made in EU, France. ;Jersey made by professional silkography method. Paint made in United Kingdom. ;Could be great gift for a birthday, Christmas or other celebration. Write us and we will take care of surprise for someone!;Shirt is fashionable, stylish for nearly any occasion. Perfect match with any outfit. ;The item will be send by the same day. ;;;;;;Spring-Summer;Cotton;;;;;;;;;;;;;;;;;;;;;;;;;;;;;;;;;;;;;;;;;;;;;;;;;;;;;;;;;;;;;;GBP;;;;;;;;;;;;;;;;;;;;;;;;;;;;;;;;;;;
shirt;253 MPK XS;Anamita Tshirt;;GTIN; Kids Children Unisex Boys Boy Girls Girl Grey T-shirt Tshirt T shirt;1730918031;Cotton;100% Cotton;Grey;Grey;XS (110-116cm) (5-6 years);Girls;X-Small;false;10.45;5000;f;https://www.dropbox.com/s/cahz4bi9vtzhezb/vaikiska_guide.png?dl=0;;;;;;;;Child;253 MPK parent;Variation;Size;;;;;;;;; Kids Children Unisex Boys Boy Girls Girl Grey T-shirt Tshirt T shirt;Spring-Summer 13;;Casual;Regular Fit;High quality short sleeve Tshirt. Made in EU, France. ;Jersey made by professional silkography method. Paint made in United Kingdom. ;Could be great gift for a birthday, Christmas or other celebration. Write us and we will take care of surprise for someone!;Shirt is fashionable, stylish for nearly any occasion. Perfect match with any outfit. ;The item will be send by the same day. ;;;;;;Spring-Summer;Cotton;;;;;;;;;;;;;;;;;;;;;;;;;;;;;;;;;;;;;;;;;;;;;;;;;;;;;;;;;;;;;;GBP;;;;;;;;;;;;;;;;;;;;;;;;;;;;;;;;;;;
shirt;253 MPK S;Anamita Tshirt;;GTIN; Kids Children Unisex Boys Boy Girls Girl Grey T-shirt Tshirt T shirt;1730918031;Cotton;100% Cotton;Grey;Grey;S (122-128cm) (7-8 years);Girls;Small;false;10.45;5000;f;https://www.dropbox.com/s/cahz4bi9vtzhezb/vaikiska_guide.png?dl=0;;;;;;;;Child;253 MPK parent;Variation;Size;;;;;;;;; Kids Children Unisex Boys Boy Girls Girl Grey T-shirt Tshirt T shirt;Spring-Summer 14;;Casual;Regular Fit;High quality short sleeve Tshirt. Made in EU, France. ;Jersey made by professional silkography method. Paint made in United Kingdom. ;Could be great gift for a birthday, Christmas or other celebration. Write us and we will take care of surprise for someone!;Shirt is fashionable, stylish for nearly any occasion. Perfect match with any outfit. ;The item will be send by the same day. ;;;;;;Spring-Summer;Cotton;;;;;;;;;;;;;;;;;;;;;;;;;;;;;;;;;;;;;;;;;;;;;;;;;;;;;;;;;;;;;;GBP;;;;;;;;;;;;;;;;;;;;;;;;;;;;;;;;;;;
shirt;253 MPK M;Anamita Tshirt;;GTIN; Kids Children Unisex Boys Boy Girls Girl Grey T-shirt Tshirt T shirt;1730918031;Cotton;100% Cotton;Grey;Grey;M (134-140cm) (9-10 years);Girls;Medium;false;10.45;5000;f;https://www.dropbox.com/s/cahz4bi9vtzhezb/vaikiska_guide.png?dl=0;;;;;;;;Child;253 MPK parent;Variation;Size;;;;;;;;; Kids Children Unisex Boys Boy Girls Girl Grey T-shirt Tshirt T shirt;Spring-Summer 15;;Casual;Regular Fit;High quality short sleeve Tshirt. Made in EU, France. ;Jersey made by professional silkography method. Paint made in United Kingdom. ;Could be great gift for a birthday, Christmas or other celebration. Write us and we will take care of surprise for someone!;Shirt is fashionable, stylish for nearly any occasion. Perfect match with any outfit. ;The item will be send by the same day. ;;;;;;Spring-Summer;Cotton;;;;;;;;;;;;;;;;;;;;;;;;;;;;;;;;;;;;;;;;;;;;;;;;;;;;;;;;;;;;;;GBP;;;;;;;;;;;;;;;;;;;;;;;;;;;;;;;;;;;
shirt;253 MPK L;Anamita Tshirt;;GTIN; Kids Children Unisex Boys Boy Girls Girl Grey T-shirt Tshirt T shirt;1730918031;Cotton;100% Cotton;Grey;Grey;L (146-152cm) (11-12 years);Girls;Large;false;10.45;5000;f;https://www.dropbox.com/s/cahz4bi9vtzhezb/vaikiska_guide.png?dl=0;;;;;;;;Child;253 MPK parent;Variation;Size;;;;;;;;; Kids Children Unisex Boys Boy Girls Girl Grey T-shirt Tshirt T shirt;Spring-Summer 16;;Casual;Regular Fit;High quality short sleeve Tshirt. Made in EU, France. ;Jersey made by professional silkography method. Paint made in United Kingdom. ;Could be great gift for a birthday, Christmas or other celebration. Write us and we will take care of surprise for someone!;Shirt is fashionable, stylish for nearly any occasion. Perfect match with any outfit. ;The item will be send by the same day. ;;;;;;Spring-Summer;Cotton;;;;;;;;;;;;;;;;;;;;;;;;;;;;;;;;;;;;;;;;;;;;;;;;;;;;;;;;;;;;;;GBP;;;;;;;;;;;;;;;;;;;;;;;;;;;;;;;;;;;
shirt;253 MPK XL;Anamita Tshirt;;GTIN; Kids Children Unisex Boys Boy Girls Girl Grey T-shirt Tshirt T shirt;1730918031;Cotton;100% Cotton;Grey;Grey;XL (158-164cm) (12-13 years);Girls;X-Large;false;10.45;5000;f;https://www.dropbox.com/s/cahz4bi9vtzhezb/vaikiska_guide.png?dl=0;;;;;;;;Child;253 MPK parent;Variation;Size;;;;;;;;; Kids Children Unisex Boys Boy Girls Girl Grey T-shirt Tshirt T shirt;Spring-Summer 17;;Casual;Regular Fit;High quality short sleeve Tshirt. Made in EU, France. ;Jersey made by professional silkography method. Paint made in United Kingdom. ;Could be great gift for a birthday, Christmas or other celebration. Write us and we will take care of surprise for someone!;Shirt is fashionable, stylish for nearly any occasion. Perfect match with any outfit. ;The item will be send by the same day. ;;;;;;Spring-Summer;Cotton;;;;;;;;;;;;;;;;;;;;;;;;;;;;;;;;;;;;;;;;;;;;;;;;;;;;;;;;;;;;;;GBP;;;;;;;;;;;;;;;;;;;;;;;;;;;;;;;;;;;
,;;;;;;;;;;;;;;;;;;;;;;;;;;;;;;;;;;;;;;;;;;;;;;;;;;;;;;;;;;;;;;;;;;;;;;;;;;;;;;;;;;;;;;;;;;;;;;;;;;;;;;;;;;;;;;;;;;;;;;;;;;;;;;;;;;;;;;;;;;;;;;;;;;;;;;
sweater;253 SW parent;Anamita Tshirt;;GTIN; Unisex Women's Womens Women Men's Mens Men Sweatshirt Pullover;1731021031;Cotton;70% Cotton 30% Polyester;Grey;Grey;;Men;;false;24.99;5000;fs;https://www.dropbox.com/s/7seqlk7n7cw8qb8/vyriska_sweather-1.png?dl=0;;;;;;;;Parent;;;Size;;;;;;;;; Unisex Women's Womens Women Men's Mens Men Sweatshirt Pullover;Spring-Summer 12;;Casual;Regular Fit;High quality pullover. Made in EU, France. ;Sweatshirt made by professional silkography method. Paint made in United Kingdom. ;Could be great gift for a birthday, Christmas or other celebration. Write us and we will take care of surprise for someone!;Fashionable, stylish for nearly any occasion. Perfect match with any outfit. ;The item will be send by the same day. ;;;;;;Spring-Summer;Cotton;;;;;;;;;;;;;;;;;;;;;;;;;;;;;;;;;;;;;;;;;;;;;;;;;;;;;;;;;;;;;;GBP;;;;;;;;;;;;;;;;;;;;;;;;;;;;;;;;;;;
sweater;253 SW S;Anamita Tshirt;;GTIN; Unisex Women's Womens Women Men's Mens Men Sweatshirt Pullover;1731021031;Cotton;70% Cotton 30% Polyester;Grey;Grey;S;Men;Small;false;24.99;5000;fs;https://www.dropbox.com/s/7seqlk7n7cw8qb8/vyriska_sweather-1.png?dl=0;;;;;;;;Child;253 SW parent;Variation;Size;;;;;;;;; Unisex Women's Womens Women Men's Mens Men Sweatshirt Pullover;Spring-Summer 13;;Casual;Regular Fit;High quality pullover. Made in EU, France. ;Sweatshirt made by professional silkography method. Paint made in United Kingdom. ;Could be great gift for a birthday, Christmas or other celebration. Write us and we will take care of surprise for someone!;Fashionable, stylish for nearly any occasion. Perfect match with any outfit. ;The item will be send by the same day. ;;;;;;Spring-Summer;Cotton;;;;;;;;;;;;;;;;;;;;;;;;;;;;;;;;;;;;;;;;;;;;;;;;;;;;;;;;;;;;;;GBP;;;;;;;;;;;;;;;;;;;;;;;;;;;;;;;;;;;
sweater;253 SW M;Anamita Tshirt;;GTIN; Unisex Women's Womens Women Men's Mens Men Sweatshirt Pullover;1731021031;Cotton;70% Cotton 30% Polyester;Grey;Grey;M;Men;Medium;false;24.99;5000;fs;https://www.dropbox.com/s/7seqlk7n7cw8qb8/vyriska_sweather-1.png?dl=0;;;;;;;;Child;253 SW parent;Variation;Size;;;;;;;;; Unisex Women's Womens Women Men's Mens Men Sweatshirt Pullover;Spring-Summer 14;;Casual;Regular Fit;High quality pullover. Made in EU, France. ;Sweatshirt made by professional silkography method. Paint made in United Kingdom. ;Could be great gift for a birthday, Christmas or other celebration. Write us and we will take care of surprise for someone!;Fashionable, stylish for nearly any occasion. Perfect match with any outfit. ;The item will be send by the same day. ;;;;;;Spring-Summer;Cotton;;;;;;;;;;;;;;;;;;;;;;;;;;;;;;;;;;;;;;;;;;;;;;;;;;;;;;;;;;;;;;GBP;;;;;;;;;;;;;;;;;;;;;;;;;;;;;;;;;;;
sweater;253 SW L;Anamita Tshirt;;GTIN; Unisex Women's Womens Women Men's Mens Men Sweatshirt Pullover;1731021031;Cotton;70% Cotton 30% Polyester;Grey;Grey;L;Men;Large;false;24.99;5000;fs;https://www.dropbox.com/s/7seqlk7n7cw8qb8/vyriska_sweather-1.png?dl=0;;;;;;;;Child;253 SW parent;Variation;Size;;;;;;;;; Unisex Women's Womens Women Men's Mens Men Sweatshirt Pullover;Spring-Summer 15;;Casual;Regular Fit;High quality pullover. Made in EU, France. ;Sweatshirt made by professional silkography method. Paint made in United Kingdom. ;Could be great gift for a birthday, Christmas or other celebration. Write us and we will take care of surprise for someone!;Fashionable, stylish for nearly any occasion. Perfect match with any outfit. ;The item will be send by the same day. ;;;;;;Spring-Summer;Cotton;;;;;;;;;;;;;;;;;;;;;;;;;;;;;;;;;;;;;;;;;;;;;;;;;;;;;;;;;;;;;;GBP;;;;;;;;;;;;;;;;;;;;;;;;;;;;;;;;;;;
sweater;253 SW XL;Anamita Tshirt;;GTIN; Unisex Women's Womens Women Men's Mens Men Sweatshirt Pullover;1731021031;Cotton;70% Cotton 30% Polyester;Grey;Grey;XL;Men;X-Large;false;24.99;5000;fs;https://www.dropbox.com/s/7seqlk7n7cw8qb8/vyriska_sweather-1.png?dl=0;;;;;;;;Child;253 SW parent;Variation;Size;;;;;;;;; Unisex Women's Womens Women Men's Mens Men Sweatshirt Pullover;Spring-Summer 16;;Casual;Regular Fit;High quality pullover. Made in EU, France. ;Sweatshirt made by professional silkography method. Paint made in United Kingdom. ;Could be great gift for a birthday, Christmas or other celebration. Write us and we will take care of surprise for someone!;Fashionable, stylish for nearly any occasion. Perfect match with any outfit. ;The item will be send by the same day. ;;;;;;Spring-Summer;Cotton;;;;;;;;;;;;;;;;;;;;;;;;;;;;;;;;;;;;;;;;;;;;;;;;;;;;;;;;;;;;;;GBP;;;;;;;;;;;;;;;;;;;;;;;;;;;;;;;;;;;
sweater;253 SW XXL;Anamita Tshirt;;GTIN; Unisex Women's Womens Women Men's Mens Men Sweatshirt Pullover;1731021031;Cotton;70% Cotton 30% Polyester;Grey;Grey;XXL;Men;XX-Large;false;24.99;5000;fs;https://www.dropbox.com/s/7seqlk7n7cw8qb8/vyriska_sweather-1.png?dl=0;;;;;;;;Child;253 SW parent;Variation;Size;;;;;;;;; Unisex Women's Womens Women Men's Mens Men Sweatshirt Pullover;Spring-Summer 17;;Casual;Regular Fit;High quality pullover. Made in EU, France. ;Sweatshirt made by professional silkography method. Paint made in United Kingdom. ;Could be great gift for a birthday, Christmas or other celebration. Write us and we will take care of surprise for someone!;Fashionable, stylish for nearly any occasion. Perfect match with any outfit. ;The item will be send by the same day. ;;;;;;Spring-Summer;Cotton;;;;;;;;;;;;;;;;;;;;;;;;;;;;;;;;;;;;;;;;;;;;;;;;;;;;;;;;;;;;;;GBP;;;;;;;;;;;;;;;;;;;;;;;;;;;;;;;;;;;
,;;;;;;;;;;;;;;;;;;;;;;;;;;;;;;;;;;;;;;;;;;;;;;;;;;;;;;;;;;;;;;;;;;;;;;;;;;;;;;;;;;;;;;;;;;;;;;;;;;;;;;;;;;;;;;;;;;;;;;;;;;;;;;;;;;;;;;;;;;;;;;;;;;;;;;
sweater;253 HO parent;Anamita Tshirt;;GTIN; Unisex Women's Womens Women Men's Mens Men Sweatshirt Pullover Hoodie;1730980031;Cotton;70% Cotton 30% Polyester;Grey;Grey;;Women;;false;27.99;5000;as;https://www.dropbox.com/s/rsf7nx3vc6oac5i/vyriska_hoodies.png?dl=0;;;;;;;;Parent;;;Size;;;;;;;;; Unisex Women's Womens Women Men's Mens Men Sweatshirt Pullover Hoodie;Spring-Summer 12;;Casual;Regular Fit;High quality pullover. Made in EU, France. ;Sweatshirt made by professional silkography method. Paint made in United Kingdom. ;Could be great gift for a birthday, Christmas or other celebration. Write us and we will take care of surprise for someone!;Fashionable, stylish for nearly any occasion. Perfect match with any outfit. ;The item will be send by the same day. ;;;;;;Spring-Summer;Cotton;;;;;;;;;;;;;;;;;;;;;;;;;;;;;;;;;;;;;;;;;;;;;;;;;;;;;;;;;;;;;;GBP;;;;;;;;;;;;;;;;;;;;;;;;;;;;;;;;;;;
sweater;253 HO S;Anamita Tshirt;;GTIN; Unisex Women's Womens Women Men's Mens Men Sweatshirt Pullover Hoodie;1730980031;Cotton;70% Cotton 30% Polyester;Grey;Grey;S;Women;Small;false;27.99;5000;as;https://www.dropbox.com/s/rsf7nx3vc6oac5i/vyriska_hoodies.png?dl=0;;;;;;;;Child;253 HO parent;Variation;Size;;;;;;;;; Unisex Women's Womens Women Men's Mens Men Sweatshirt Pullover Hoodie;Spring-Summer 13;;Casual;Regular Fit;High quality pullover. Made in EU, France. ;Sweatshirt made by professional silkography method. Paint made in United Kingdom. ;Could be great gift for a birthday, Christmas or other celebration. Write us and we will take care of surprise for someone!;Fashionable, stylish for nearly any occasion. Perfect match with any outfit. ;The item will be send by the same day. ;;;;;;Spring-Summer;Cotton;;;;;;;;;;;;;;;;;;;;;;;;;;;;;;;;;;;;;;;;;;;;;;;;;;;;;;;;;;;;;;GBP;;;;;;;;;;;;;;;;;;;;;;;;;;;;;;;;;;;
sweater;253 HO M;Anamita Tshirt;;GTIN; Unisex Women's Womens Women Men's Mens Men Sweatshirt Pullover Hoodie;1730980031;Cotton;70% Cotton 30% Polyester;Grey;Grey;M;Women;Medium;false;27.99;5000;as;https://www.dropbox.com/s/rsf7nx3vc6oac5i/vyriska_hoodies.png?dl=0;;;;;;;;Child;253 HO parent;Variation;Size;;;;;;;;; Unisex Women's Womens Women Men's Mens Men Sweatshirt Pullover Hoodie;Spring-Summer 14;;Casual;Regular Fit;High quality pullover. Made in EU, France. ;Sweatshirt made by professional silkography method. Paint made in United Kingdom. ;Could be great gift for a birthday, Christmas or other celebration. Write us and we will take care of surprise for someone!;Fashionable, stylish for nearly any occasion. Perfect match with any outfit. ;The item will be send by the same day. ;;;;;;Spring-Summer;Cotton;;;;;;;;;;;;;;;;;;;;;;;;;;;;;;;;;;;;;;;;;;;;;;;;;;;;;;;;;;;;;;GBP;;;;;;;;;;;;;;;;;;;;;;;;;;;;;;;;;;;
sweater;253 HO L;Anamita Tshirt;;GTIN; Unisex Women's Womens Women Men's Mens Men Sweatshirt Pullover Hoodie;1730980031;Cotton;70% Cotton 30% Polyester;Grey;Grey;L;Women;Large;false;27.99;5000;as;https://www.dropbox.com/s/rsf7nx3vc6oac5i/vyriska_hoodies.png?dl=0;;;;;;;;Child;253 HO parent;Variation;Size;;;;;;;;; Unisex Women's Womens Women Men's Mens Men Sweatshirt Pullover Hoodie;Spring-Summer 15;;Casual;Regular Fit;High quality pullover. Made in EU, France. ;Sweatshirt made by professional silkography method. Paint made in United Kingdom. ;Could be great gift for a birthday, Christmas or other celebration. Write us and we will take care of surprise for someone!;Fashionable, stylish for nearly any occasion. Perfect match with any outfit. ;The item will be send by the same day. ;;;;;;Spring-Summer;Cotton;;;;;;;;;;;;;;;;;;;;;;;;;;;;;;;;;;;;;;;;;;;;;;;;;;;;;;;;;;;;;;GBP;;;;;;;;;;;;;;;;;;;;;;;;;;;;;;;;;;;
sweater;253 HO XL;Anamita Tshirt;;GTIN; Unisex Women's Womens Women Men's Mens Men Sweatshirt Pullover Hoodie;1730980031;Cotton;70% Cotton 30% Polyester;Grey;Grey;XL;Women;X-Large;false;27.99;5000;as;https://www.dropbox.com/s/rsf7nx3vc6oac5i/vyriska_hoodies.png?dl=0;;;;;;;;Child;253 HO parent;Variation;Size;;;;;;;;; Unisex Women's Womens Women Men's Mens Men Sweatshirt Pullover Hoodie;Spring-Summer 16;;Casual;Regular Fit;High quality pullover. Made in EU, France. ;Sweatshirt made by professional silkography method. Paint made in United Kingdom. ;Could be great gift for a birthday, Christmas or other celebration. Write us and we will take care of surprise for someone!;Fashionable, stylish for nearly any occasion. Perfect match with any outfit. ;The item will be send by the same day. ;;;;;;Spring-Summer;Cotton;;;;;;;;;;;;;;;;;;;;;;;;;;;;;;;;;;;;;;;;;;;;;;;;;;;;;;;;;;;;;;GBP;;;;;;;;;;;;;;;;;;;;;;;;;;;;;;;;;;;
sweater;253 HO XXL;Anamita Tshirt;;GTIN; Unisex Women's Womens Women Men's Mens Men Sweatshirt Pullover Hoodie;1730980031;Cotton;70% Cotton 30% Polyester;Grey;Grey;XXL;Women;XX-Large;false;27.99;5000;as;https://www.dropbox.com/s/rsf7nx3vc6oac5i/vyriska_hoodies.png?dl=0;;;;;;;;Child;253 HO parent;Variation;Size;;;;;;;;; Unisex Women's Womens Women Men's Mens Men Sweatshirt Pullover Hoodie;Spring-Summer 17;;Casual;Regular Fit;High quality pullover. Made in EU, France. ;Sweatshirt made by professional silkography method. Paint made in United Kingdom. ;Could be great gift for a birthday, Christmas or other celebration. Write us and we will take care of surprise for someone!;Fashionable, stylish for nearly any occasion. Perfect match with any outfit. ;The item will be send by the same day. ;;;;;;Spring-Summer;Cotton;;;;;;;;;;;;;;;;;;;;;;;;;;;;;;;;;;;;;;;;;;;;;;;;;;;;;;;;;;;;;;GBP;;;;;;;;;;;;;;;;;;;;;;;;;;;;;;;;;;;
,;;;;;;;;;;;;;;;;;;;;;;;;;;;;;;;;;;;;;;;;;;;;;;;;;;;;;;;;;;;;;;;;;;;;;;;;;;;;;;;;;;;;;;;;;;;;;;;;;;;;;;;;;;;;;;;;;;;;;;;;;;;;;;;;;;;;;;;;;;;;;;;;;;;;;;
,;;;;;;;;;;;;;;;;;;;;;;;;;;;;;;;;;;;;;;;;;;;;;;;;;;;;;;;;;;;;;;;;;;;;;;;;;;;;;;;;;;;;;;;;;;;;;;;;;;;;;;;;;;;;;;;;;;;;;;;;;;;;;;;;;;;;;;;;;;;;;;;;;;;;;;
shirt;1502 MBV parent;Anamita Tshirt;;GTIN;YEs Men's Mens Men White T-shirt Tshirt T shirt;1731028031;Cotton;100% Cotton;White;White;;Men;;false;10.45;5000;google.com;https://www.dropbox.com/s/ibsqxpvt8qclz2z/vyriska_sizeguide.png?dl=0;;;;;;;;Parent;;;Size;;;;;;;;;YEs Men's Mens Men White T-shirt Tshirt T shirt;Spring-Summer 12;;Casual;Regular Fit;High quality short sleeve Tshirt. Made in EU, France. ;Jersey made by professional silkography method. Paint made in United Kingdom. ;Could be great gift for a birthday, Christmas or other celebration. Write us and we will take care of surprise for someone!;Shirt is fashionable, stylish for nearly any occasion. Perfect match with any outfit. ;The item will be send by the same day. ;;;;;;Spring-Summer;Cotton;;;;;;;;;;;;;;;;;;;;;;;;;;;;;;;;;;;;;;;;;;;;;;;;;;;;;;;;;;;;;;GBP;;;;;;;;;;;;;;;;;;;;;;;;;;;;;;;;;;;
shirt;1502 MBV S;Anamita Tshirt;;GTIN;YEs Men's Mens Men White T-shirt Tshirt T shirt;1731028031;Cotton;100% Cotton;White;White;S;Men;Small;false;10.45;5000;google.com;https://www.dropbox.com/s/ibsqxpvt8qclz2z/vyriska_sizeguide.png?dl=0;;;;;;;;Child;1502 MBV parent;Variation;Size;;;;;;;;;YEs Men's Mens Men White T-shirt Tshirt T shirt;Spring-Summer 13;;Casual;Regular Fit;High quality short sleeve Tshirt. Made in EU, France. ;Jersey made by professional silkography method. Paint made in United Kingdom. ;Could be great gift for a birthday, Christmas or other celebration. Write us and we will take care of surprise for someone!;Shirt is fashionable, stylish for nearly any occasion. Perfect match with any outfit. ;The item will be send by the same day. ;;;;;;Spring-Summer;Cotton;;;;;;;;;;;;;;;;;;;;;;;;;;;;;;;;;;;;;;;;;;;;;;;;;;;;;;;;;;;;;;GBP;;;;;;;;;;;;;;;;;;;;;;;;;;;;;;;;;;;
shirt;1502 MBV M;Anamita Tshirt;;GTIN;YEs Men's Mens Men White T-shirt Tshirt T shirt;1731028031;Cotton;100% Cotton;White;White;M;Men;Medium;false;10.45;5000;google.com;https://www.dropbox.com/s/ibsqxpvt8qclz2z/vyriska_sizeguide.png?dl=0;;;;;;;;Child;1502 MBV parent;Variation;Size;;;;;;;;;YEs Men's Mens Men White T-shirt Tshirt T shirt;Spring-Summer 14;;Casual;Regular Fit;High quality short sleeve Tshirt. Made in EU, France. ;Jersey made by professional silkography method. Paint made in United Kingdom. ;Could be great gift for a birthday, Christmas or other celebration. Write us and we will take care of surprise for someone!;Shirt is fashionable, stylish for nearly any occasion. Perfect match with any outfit. ;The item will be send by the same day. ;;;;;;Spring-Summer;Cotton;;;;;;;;;;;;;;;;;;;;;;;;;;;;;;;;;;;;;;;;;;;;;;;;;;;;;;;;;;;;;;GBP;;;;;;;;;;;;;;;;;;;;;;;;;;;;;;;;;;;
shirt;1502 MBV L;Anamita Tshirt;;GTIN;YEs Men's Mens Men White T-shirt Tshirt T shirt;1731028031;Cotton;100% Cotton;White;White;L;Men;Large;false;10.45;5000;google.com;https://www.dropbox.com/s/ibsqxpvt8qclz2z/vyriska_sizeguide.png?dl=0;;;;;;;;Child;1502 MBV parent;Variation;Size;;;;;;;;;YEs Men's Mens Men White T-shirt Tshirt T shirt;Spring-Summer 15;;Casual;Regular Fit;High quality short sleeve Tshirt. Made in EU, France. ;Jersey made by professional silkography method. Paint made in United Kingdom. ;Could be great gift for a birthday, Christmas or other celebration. Write us and we will take care of surprise for someone!;Shirt is fashionable, stylish for nearly any occasion. Perfect match with any outfit. ;The item will be send by the same day. ;;;;;;Spring-Summer;Cotton;;;;;;;;;;;;;;;;;;;;;;;;;;;;;;;;;;;;;;;;;;;;;;;;;;;;;;;;;;;;;;GBP;;;;;;;;;;;;;;;;;;;;;;;;;;;;;;;;;;;
shirt;1502 MBV XL;Anamita Tshirt;;GTIN;YEs Men's Mens Men White T-shirt Tshirt T shirt;1731028031;Cotton;100% Cotton;White;White;XL;Men;X-Large;false;10.45;5000;google.com;https://www.dropbox.com/s/ibsqxpvt8qclz2z/vyriska_sizeguide.png?dl=0;;;;;;;;Child;1502 MBV parent;Variation;Size;;;;;;;;;YEs Men's Mens Men White T-shirt Tshirt T shirt;Spring-Summer 16;;Casual;Regular Fit;High quality short sleeve Tshirt. Made in EU, France. ;Jersey made by professional silkography method. Paint made in United Kingdom. ;Could be great gift for a birthday, Christmas or other celebration. Write us and we will take care of surprise for someone!;Shirt is fashionable, stylish for nearly any occasion. Perfect match with any outfit. ;The item will be send by the same day. ;;;;;;Spring-Summer;Cotton;;;;;;;;;;;;;;;;;;;;;;;;;;;;;;;;;;;;;;;;;;;;;;;;;;;;;;;;;;;;;;GBP;;;;;;;;;;;;;;;;;;;;;;;;;;;;;;;;;;;
shirt;1502 MBV XXL;Anamita Tshirt;;GTIN;YEs Men's Mens Men White T-shirt Tshirt T shirt;1731028031;Cotton;100% Cotton;White;White;XXL;Men;XX-Large;false;10.45;5000;google.com;https://www.dropbox.com/s/ibsqxpvt8qclz2z/vyriska_sizeguide.png?dl=0;;;;;;;;Child;1502 MBV parent;Variation;Size;;;;;;;;;YEs Men's Mens Men White T-shirt Tshirt T shirt;Spring-Summer 17;;Casual;Regular Fit;High quality short sleeve Tshirt. Made in EU, France. ;Jersey made by professional silkography method. Paint made in United Kingdom. ;Could be great gift for a birthday, Christmas or other celebration. Write us and we will take care of surprise for someone!;Shirt is fashionable, stylish for nearly any occasion. Perfect match with any outfit. ;The item will be send by the same day. ;;;;;;Spring-Summer;Cotton;;;;;;;;;;;;;;;;;;;;;;;;;;;;;;;;;;;;;;;;;;;;;;;;;;;;;;;;;;;;;;GBP;;;;;;;;;;;;;;;;;;;;;;;;;;;;;;;;;;;
,;;;;;;;;;;;;;;;;;;;;;;;;;;;;;;;;;;;;;;;;;;;;;;;;;;;;;;;;;;;;;;;;;;;;;;;;;;;;;;;;;;;;;;;;;;;;;;;;;;;;;;;;;;;;;;;;;;;;;;;;;;;;;;;;;;;;;;;;;;;;;;;;;;;;;;
shirt;1502 MBM parent;Anamita Tshirt;;GTIN;YEs Women's Womens Women White T-shirt Tshirt T shirt;1731502031;Cotton;100% Cotton;White;White;;Women;;false;10.45;5000;google.comm;https://www.dropbox.com/s/dgkidatwk5bnsf6/moteriska_guide.png?dl=0;;;;;;;;Parent;;;Size;;;;;;;;;YEs Women's Womens Women White T-shirt Tshirt T shirt;Spring-Summer 12;;Casual;Regular Fit;High quality short sleeve Tshirt. Made in EU, France. ;Jersey made by professional silkography method. Paint made in United Kingdom. ;Could be great gift for a birthday, Christmas or other celebration. Write us and we will take care of surprise for someone!;Shirt is fashionable, stylish for nearly any occasion. Perfect match with any outfit. ;The item will be send by the same day. ;;;;;;Spring-Summer;Cotton;;;;;;;;;;;;;;;;;;;;;;;;;;;;;;;;;;;;;;;;;;;;;;;;;;;;;;;;;;;;;;GBP;;;;;;;;;;;;;;;;;;;;;;;;;;;;;;;;;;;
shirt;1502 MBM S;Anamita Tshirt;;GTIN;YEs Women's Womens Women White T-shirt Tshirt T shirt;1731502031;Cotton;100% Cotton;White;White;S;Women;Small;false;10.45;5000;google.comm;https://www.dropbox.com/s/dgkidatwk5bnsf6/moteriska_guide.png?dl=0;;;;;;;;Child;1502 MBM parent;Variation;Size;;;;;;;;;YEs Women's Womens Women White T-shirt Tshirt T shirt;Spring-Summer 13;;Casual;Regular Fit;High quality short sleeve Tshirt. Made in EU, France. ;Jersey made by professional silkography method. Paint made in United Kingdom. ;Could be great gift for a birthday, Christmas or other celebration. Write us and we will take care of surprise for someone!;Shirt is fashionable, stylish for nearly any occasion. Perfect match with any outfit. ;The item will be send by the same day. ;;;;;;Spring-Summer;Cotton;;;;;;;;;;;;;;;;;;;;;;;;;;;;;;;;;;;;;;;;;;;;;;;;;;;;;;;;;;;;;;GBP;;;;;;;;;;;;;;;;;;;;;;;;;;;;;;;;;;;
shirt;1502 MBM M;Anamita Tshirt;;GTIN;YEs Women's Womens Women White T-shirt Tshirt T shirt;1731502031;Cotton;100% Cotton;White;White;M;Women;Medium;false;10.45;5000;google.comm;https://www.dropbox.com/s/dgkidatwk5bnsf6/moteriska_guide.png?dl=0;;;;;;;;Child;1502 MBM parent;Variation;Size;;;;;;;;;YEs Women's Womens Women White T-shirt Tshirt T shirt;Spring-Summer 14;;Casual;Regular Fit;High quality short sleeve Tshirt. Made in EU, France. ;Jersey made by professional silkography method. Paint made in United Kingdom. ;Could be great gift for a birthday, Christmas or other celebration. Write us and we will take care of surprise for someone!;Shirt is fashionable, stylish for nearly any occasion. Perfect match with any outfit. ;The item will be send by the same day. ;;;;;;Spring-Summer;Cotton;;;;;;;;;;;;;;;;;;;;;;;;;;;;;;;;;;;;;;;;;;;;;;;;;;;;;;;;;;;;;;GBP;;;;;;;;;;;;;;;;;;;;;;;;;;;;;;;;;;;
shirt;1502 MBM L;Anamita Tshirt;;GTIN;YEs Women's Womens Women White T-shirt Tshirt T shirt;1731502031;Cotton;100% Cotton;White;White;L;Women;Large;false;10.45;5000;google.comm;https://www.dropbox.com/s/dgkidatwk5bnsf6/moteriska_guide.png?dl=0;;;;;;;;Child;1502 MBM parent;Variation;Size;;;;;;;;;YEs Women's Womens Women White T-shirt Tshirt T shirt;Spring-Summer 15;;Casual;Regular Fit;High quality short sleeve Tshirt. Made in EU, France. ;Jersey made by professional silkography method. Paint made in United Kingdom. ;Could be great gift for a birthday, Christmas or other celebration. Write us and we will take care of surprise for someone!;Shirt is fashionable, stylish for nearly any occasion. Perfect match with any outfit. ;The item will be send by the same day. ;;;;;;Spring-Summer;Cotton;;;;;;;;;;;;;;;;;;;;;;;;;;;;;;;;;;;;;;;;;;;;;;;;;;;;;;;;;;;;;;GBP;;;;;;;;;;;;;;;;;;;;;;;;;;;;;;;;;;;
shirt;1502 MBM XL;Anamita Tshirt;;GTIN;YEs Women's Womens Women White T-shirt Tshirt T shirt;1731502031;Cotton;100% Cotton;White;White;XL;Women;X-Large;false;10.45;5000;google.comm;https://www.dropbox.com/s/dgkidatwk5bnsf6/moteriska_guide.png?dl=0;;;;;;;;Child;1502 MBM parent;Variation;Size;;;;;;;;;YEs Women's Womens Women White T-shirt Tshirt T shirt;Spring-Summer 16;;Casual;Regular Fit;High quality short sleeve Tshirt. Made in EU, France. ;Jersey made by professional silkography method. Paint made in United Kingdom. ;Could be great gift for a birthday, Christmas or other celebration. Write us and we will take care of surprise for someone!;Shirt is fashionable, stylish for nearly any occasion. Perfect match with any outfit. ;The item will be send by the same day. ;;;;;;Spring-Summer;Cotton;;;;;;;;;;;;;;;;;;;;;;;;;;;;;;;;;;;;;;;;;;;;;;;;;;;;;;;;;;;;;;GBP;;;;;;;;;;;;;;;;;;;;;;;;;;;;;;;;;;;
shirt;1502 MBM XXL;Anamita Tshirt;;GTIN;YEs Women's Womens Women White T-shirt Tshirt T shirt;1731502031;Cotton;100% Cotton;White;White;XXL;Women;XX-Large;false;10.45;5000;google.comm;https://www.dropbox.com/s/dgkidatwk5bnsf6/moteriska_guide.png?dl=0;;;;;;;;Child;1502 MBM parent;Variation;Size;;;;;;;;;YEs Women's Womens Women White T-shirt Tshirt T shirt;Spring-Summer 17;;Casual;Regular Fit;High quality short sleeve Tshirt. Made in EU, France. ;Jersey made by professional silkography method. Paint made in United Kingdom. ;Could be great gift for a birthday, Christmas or other celebration. Write us and we will take care of surprise for someone!;Shirt is fashionable, stylish for nearly any occasion. Perfect match with any outfit. ;The item will be send by the same day. ;;;;;;Spring-Summer;Cotton;;;;;;;;;;;;;;;;;;;;;;;;;;;;;;;;;;;;;;;;;;;;;;;;;;;;;;;;;;;;;;GBP;;;;;;;;;;;;;;;;;;;;;;;;;;;;;;;;;;;
,;;;;;;;;;;;;;;;;;;;;;;;;;;;;;;;;;;;;;;;;;;;;;;;;;;;;;;;;;;;;;;;;;;;;;;;;;;;;;;;;;;;;;;;;;;;;;;;;;;;;;;;;;;;;;;;;;;;;;;;;;;;;;;;;;;;;;;;;;;;;;;;;;;;;;;
shirt;1502 MPV parent;Anamita Tshirt;;GTIN;YEs Men's Mens Men Grey Crew Neck T-shirt Tshirt T shirt;1731028031;Cotton;100% Cotton;Grey;Grey;;Men;;false;10.45;5000;google.commmm;https://www.dropbox.com/s/ibsqxpvt8qclz2z/vyriska_sizeguide.png?dl=0;;;;;;;;Parent;;;Size;;;;;;;;;YEs Men's Mens Men Grey Crew Neck T-shirt Tshirt T shirt;Spring-Summer 12;;Casual;Regular Fit;High quality short sleeve Tshirt. Made in EU, France. ;Jersey made by professional silkography method. Paint made in United Kingdom. ;Could be great gift for a birthday, Christmas or other celebration. Write us and we will take care of surprise for someone!;Shirt is fashionable, stylish for nearly any occasion. Perfect match with any outfit. ;The item will be send by the same day. ;;;;;;Spring-Summer;Cotton;;;;;;;;;;;;;;;;;;;;;;;;;;;;;;;;;;;;;;;;;;;;;;;;;;;;;;;;;;;;;;GBP;;;;;;;;;;;;;;;;;;;;;;;;;;;;;;;;;;;
shirt;1502 MPV S;Anamita Tshirt;;GTIN;YEs Men's Mens Men Grey Crew Neck T-shirt Tshirt T shirt;1731028031;Cotton;100% Cotton;Grey;Grey;S;Men;Small;false;10.45;5000;google.commmm;https://www.dropbox.com/s/ibsqxpvt8qclz2z/vyriska_sizeguide.png?dl=0;;;;;;;;Child;1502 MPV parent;Variation;Size;;;;;;;;;YEs Men's Mens Men Grey Crew Neck T-shirt Tshirt T shirt;Spring-Summer 13;;Casual;Regular Fit;High quality short sleeve Tshirt. Made in EU, France. ;Jersey made by professional silkography method. Paint made in United Kingdom. ;Could be great gift for a birthday, Christmas or other celebration. Write us and we will take care of surprise for someone!;Shirt is fashionable, stylish for nearly any occasion. Perfect match with any outfit. ;The item will be send by the same day. ;;;;;;Spring-Summer;Cotton;;;;;;;;;;;;;;;;;;;;;;;;;;;;;;;;;;;;;;;;;;;;;;;;;;;;;;;;;;;;;;GBP;;;;;;;;;;;;;;;;;;;;;;;;;;;;;;;;;;;
shirt;1502 MPV M;Anamita Tshirt;;GTIN;YEs Men's Mens Men Grey Crew Neck T-shirt Tshirt T shirt;1731028031;Cotton;100% Cotton;Grey;Grey;M;Men;Medium;false;10.45;5000;google.commmm;https://www.dropbox.com/s/ibsqxpvt8qclz2z/vyriska_sizeguide.png?dl=0;;;;;;;;Child;1502 MPV parent;Variation;Size;;;;;;;;;YEs Men's Mens Men Grey Crew Neck T-shirt Tshirt T shirt;Spring-Summer 14;;Casual;Regular Fit;High quality short sleeve Tshirt. Made in EU, France. ;Jersey made by professional silkography method. Paint made in United Kingdom. ;Could be great gift for a birthday, Christmas or other celebration. Write us and we will take care of surprise for someone!;Shirt is fashionable, stylish for nearly any occasion. Perfect match with any outfit. ;The item will be send by the same day. ;;;;;;Spring-Summer;Cotton;;;;;;;;;;;;;;;;;;;;;;;;;;;;;;;;;;;;;;;;;;;;;;;;;;;;;;;;;;;;;;GBP;;;;;;;;;;;;;;;;;;;;;;;;;;;;;;;;;;;
shirt;1502 MPV L;Anamita Tshirt;;GTIN;YEs Men's Mens Men Grey Crew Neck T-shirt Tshirt T shirt;1731028031;Cotton;100% Cotton;Grey;Grey;L;Men;Large;false;10.45;5000;google.commmm;https://www.dropbox.com/s/ibsqxpvt8qclz2z/vyriska_sizeguide.png?dl=0;;;;;;;;Child;1502 MPV parent;Variation;Size;;;;;;;;;YEs Men's Mens Men Grey Crew Neck T-shirt Tshirt T shirt;Spring-Summer 15;;Casual;Regular Fit;High quality short sleeve Tshirt. Made in EU, France. ;Jersey made by professional silkography method. Paint made in United Kingdom. ;Could be great gift for a birthday, Christmas or other celebration. Write us and we will take care of surprise for someone!;Shirt is fashionable, stylish for nearly any occasion. Perfect match with any outfit. ;The item will be send by the same day. ;;;;;;Spring-Summer;Cotton;;;;;;;;;;;;;;;;;;;;;;;;;;;;;;;;;;;;;;;;;;;;;;;;;;;;;;;;;;;;;;GBP;;;;;;;;;;;;;;;;;;;;;;;;;;;;;;;;;;;
shirt;1502 MPV XL;Anamita Tshirt;;GTIN;YEs Men's Mens Men Grey Crew Neck T-shirt Tshirt T shirt;1731028031;Cotton;100% Cotton;Grey;Grey;XL;Men;X-Large;false;10.45;5000;google.commmm;https://www.dropbox.com/s/ibsqxpvt8qclz2z/vyriska_sizeguide.png?dl=0;;;;;;;;Child;1502 MPV parent;Variation;Size;;;;;;;;;YEs Men's Mens Men Grey Crew Neck T-shirt Tshirt T shirt;Spring-Summer 16;;Casual;Regular Fit;High quality short sleeve Tshirt. Made in EU, France. ;Jersey made by professional silkography method. Paint made in United Kingdom. ;Could be great gift for a birthday, Christmas or other celebration. Write us and we will take care of surprise for someone!;Shirt is fashionable, stylish for nearly any occasion. Perfect match with any outfit. ;The item will be send by the same day. ;;;;;;Spring-Summer;Cotton;;;;;;;;;;;;;;;;;;;;;;;;;;;;;;;;;;;;;;;;;;;;;;;;;;;;;;;;;;;;;;GBP;;;;;;;;;;;;;;;;;;;;;;;;;;;;;;;;;;;
shirt;1502 MPV XXL;Anamita Tshirt;;GTIN;YEs Men's Mens Men Grey Crew Neck T-shirt Tshirt T shirt;1731028031;Cotton;100% Cotton;Grey;Grey;XXL;Men;XX-Large;false;10.45;5000;google.commmm;https://www.dropbox.com/s/ibsqxpvt8qclz2z/vyriska_sizeguide.png?dl=0;;;;;;;;Child;1502 MPV parent;Variation;Size;;;;;;;;;YEs Men's Mens Men Grey Crew Neck T-shirt Tshirt T shirt;Spring-Summer 17;;Casual;Regular Fit;High quality short sleeve Tshirt. Made in EU, France. ;Jersey made by professional silkography method. Paint made in United Kingdom. ;Could be great gift for a birthday, Christmas or other celebration. Write us and we will take care of surprise for someone!;Shirt is fashionable, stylish for nearly any occasion. Perfect match with any outfit. ;The item will be send by the same day. ;;;;;;Spring-Summer;Cotton;;;;;;;;;;;;;;;;;;;;;;;;;;;;;;;;;;;;;;;;;;;;;;;;;;;;;;;;;;;;;;GBP;;;;;;;;;;;;;;;;;;;;;;;;;;;;;;;;;;;
,;;;;;;;;;;;;;;;;;;;;;;;;;;;;;;;;;;;;;;;;;;;;;;;;;;;;;;;;;;;;;;;;;;;;;;;;;;;;;;;;;;;;;;;;;;;;;;;;;;;;;;;;;;;;;;;;;;;;;;;;;;;;;;;;;;;;;;;;;;;;;;;;;;;;;;
shirt;1502 MPM parent;Anamita Tshirt;;GTIN;YEs Women's Womens Women Grey T-shirt Tshirt T shirt;1731502031;Cotton;100% Cotton;Grey;Grey;;Women;;false;10.45;5000;google.commmmm;https://www.dropbox.com/s/dgkidatwk5bnsf6/moteriska_guide.png?dl=0;;;;;;;;Parent;;;Size;;;;;;;;;YEs Women's Womens Women Grey T-shirt Tshirt T shirt;Spring-Summer 12;;Casual;Regular Fit;High quality short sleeve Tshirt. Made in EU, France. ;Jersey made by professional silkography method. Paint made in United Kingdom. ;Could be great gift for a birthday, Christmas or other celebration. Write us and we will take care of surprise for someone!;Shirt is fashionable, stylish for nearly any occasion. Perfect match with any outfit. ;The item will be send by the same day. ;;;;;;Spring-Summer;Cotton;;;;;;;;;;;;;;;;;;;;;;;;;;;;;;;;;;;;;;;;;;;;;;;;;;;;;;;;;;;;;;GBP;;;;;;;;;;;;;;;;;;;;;;;;;;;;;;;;;;;
shirt;1502 MPM S;Anamita Tshirt;;GTIN;YEs Women's Womens Women Grey T-shirt Tshirt T shirt;1731502031;Cotton;100% Cotton;Grey;Grey;S;Women;Small;false;10.45;5000;google.commmmm;https://www.dropbox.com/s/dgkidatwk5bnsf6/moteriska_guide.png?dl=0;;;;;;;;Child;1502 MPM parent;Variation;Size;;;;;;;;;YEs Women's Womens Women Grey T-shirt Tshirt T shirt;Spring-Summer 13;;Casual;Regular Fit;High quality short sleeve Tshirt. Made in EU, France. ;Jersey made by professional silkography method. Paint made in United Kingdom. ;Could be great gift for a birthday, Christmas or other celebration. Write us and we will take care of surprise for someone!;Shirt is fashionable, stylish for nearly any occasion. Perfect match with any outfit. ;The item will be send by the same day. ;;;;;;Spring-Summer;Cotton;;;;;;;;;;;;;;;;;;;;;;;;;;;;;;;;;;;;;;;;;;;;;;;;;;;;;;;;;;;;;;GBP;;;;;;;;;;;;;;;;;;;;;;;;;;;;;;;;;;;
shirt;1502 MPM M;Anamita Tshirt;;GTIN;YEs Women's Womens Women Grey T-shirt Tshirt T shirt;1731502031;Cotton;100% Cotton;Grey;Grey;M;Women;Medium;false;10.45;5000;google.commmmm;https://www.dropbox.com/s/dgkidatwk5bnsf6/moteriska_guide.png?dl=0;;;;;;;;Child;1502 MPM parent;Variation;Size;;;;;;;;;YEs Women's Womens Women Grey T-shirt Tshirt T shirt;Spring-Summer 14;;Casual;Regular Fit;High quality short sleeve Tshirt. Made in EU, France. ;Jersey made by professional silkography method. Paint made in United Kingdom. ;Could be great gift for a birthday, Christmas or other celebration. Write us and we will take care of surprise for someone!;Shirt is fashionable, stylish for nearly any occasion. Perfect match with any outfit. ;The item will be send by the same day. ;;;;;;Spring-Summer;Cotton;;;;;;;;;;;;;;;;;;;;;;;;;;;;;;;;;;;;;;;;;;;;;;;;;;;;;;;;;;;;;;GBP;;;;;;;;;;;;;;;;;;;;;;;;;;;;;;;;;;;
shirt;1502 MPM L;Anamita Tshirt;;GTIN;YEs Women's Womens Women Grey T-shirt Tshirt T shirt;1731502031;Cotton;100% Cotton;Grey;Grey;L;Women;Large;false;10.45;5000;google.commmmm;https://www.dropbox.com/s/dgkidatwk5bnsf6/moteriska_guide.png?dl=0;;;;;;;;Child;1502 MPM parent;Variation;Size;;;;;;;;;YEs Women's Womens Women Grey T-shirt Tshirt T shirt;Spring-Summer 15;;Casual;Regular Fit;High quality short sleeve Tshirt. Made in EU, France. ;Jersey made by professional silkography method. Paint made in United Kingdom. ;Could be great gift for a birthday, Christmas or other celebration. Write us and we will take care of surprise for someone!;Shirt is fashionable, stylish for nearly any occasion. Perfect match with any outfit. ;The item will be send by the same day. ;;;;;;Spring-Summer;Cotton;;;;;;;;;;;;;;;;;;;;;;;;;;;;;;;;;;;;;;;;;;;;;;;;;;;;;;;;;;;;;;GBP;;;;;;;;;;;;;;;;;;;;;;;;;;;;;;;;;;;
shirt;1502 MPM XL;Anamita Tshirt;;GTIN;YEs Women's Womens Women Grey T-shirt Tshirt T shirt;1731502031;Cotton;100% Cotton;Grey;Grey;XL;Women;X-Large;false;10.45;5000;google.commmmm;https://www.dropbox.com/s/dgkidatwk5bnsf6/moteriska_guide.png?dl=0;;;;;;;;Child;1502 MPM parent;Variation;Size;;;;;;;;;YEs Women's Womens Women Grey T-shirt Tshirt T shirt;Spring-Summer 16;;Casual;Regular Fit;High quality short sleeve Tshirt. Made in EU, France. ;Jersey made by professional silkography method. Paint made in United Kingdom. ;Could be great gift for a birthday, Christmas or other celebration. Write us and we will take care of surprise for someone!;Shirt is fashionable, stylish for nearly any occasion. Perfect match with any outfit. ;The item will be send by the same day. ;;;;;;Spring-Summer;Cotton;;;;;;;;;;;;;;;;;;;;;;;;;;;;;;;;;;;;;;;;;;;;;;;;;;;;;;;;;;;;;;GBP;;;;;;;;;;;;;;;;;;;;;;;;;;;;;;;;;;;
shirt;1502 MPM XXL;Anamita Tshirt;;GTIN;YEs Women's Womens Women Grey T-shirt Tshirt T shirt;1731502031;Cotton;100% Cotton;Grey;Grey;XXL;Women;XX-Large;false;10.45;5000;google.commmmm;https://www.dropbox.com/s/dgkidatwk5bnsf6/moteriska_guide.png?dl=0;;;;;;;;Child;1502 MPM parent;Variation;Size;;;;;;;;;YEs Women's Womens Women Grey T-shirt Tshirt T shirt;Spring-Summer 17;;Casual;Regular Fit;High quality short sleeve Tshirt. Made in EU, France. ;Jersey made by professional silkography method. Paint made in United Kingdom. ;Could be great gift for a birthday, Christmas or other celebration. Write us and we will take care of surprise for someone!;Shirt is fashionable, stylish for nearly any occasion. Perfect match with any outfit. ;The item will be send by the same day. ;;;;;;Spring-Summer;Cotton;;;;;;;;;;;;;;;;;;;;;;;;;;;;;;;;;;;;;;;;;;;;;;;;;;;;;;;;;;;;;;GBP;;;;;;;;;;;;;;;;;;;;;;;;;;;;;;;;;;;
,;;;;;;;;;;;;;;;;;;;;;;;;;;;;;;;;;;;;;;;;;;;;;;;;;;;;;;;;;;;;;;;;;;;;;;;;;;;;;;;;;;;;;;;;;;;;;;;;;;;;;;;;;;;;;;;;;;;;;;;;;;;;;;;;;;;;;;;;;;;;;;;;;;;;;;
shirt;1502 MBK parent;Anamita Tshirt;;GTIN;YEs Kids Children Unisex Boys Boy Girls Girl White T-shirt Tshirt T shirt;1730918031;Cotton;100% Cotton;White;White;;Girls;;false;10.45;5000;google.commmmmm;https://www.dropbox.com/s/cahz4bi9vtzhezb/vaikiska_guide.png?dl=0;;;;;;;;Parent;;;Size;;;;;;;;;YEs Kids Children Unisex Boys Boy Girls Girl White T-shirt Tshirt T shirt;Spring-Summer 12;;Casual;Regular Fit;High quality short sleeve Tshirt. Made in EU, France. ;Jersey made by professional silkography method. Paint made in United Kingdom. ;Could be great gift for a birthday, Christmas or other celebration. Write us and we will take care of surprise for someone!;Shirt is fashionable, stylish for nearly any occasion. Perfect match with any outfit. ;The item will be send by the same day. ;;;;;;Spring-Summer;Cotton;;;;;;;;;;;;;;;;;;;;;;;;;;;;;;;;;;;;;;;;;;;;;;;;;;;;;;;;;;;;;;GBP;;;;;;;;;;;;;;;;;;;;;;;;;;;;;;;;;;;
shirt;1502 MBK XS;Anamita Tshirt;;GTIN;YEs Kids Children Unisex Boys Boy Girls Girl White T-shirt Tshirt T shirt;1730918031;Cotton;100% Cotton;White;White;XS (110-116cm) (5-6 years);Girls;X-Small;false;10.45;5000;google.commmmmm;https://www.dropbox.com/s/cahz4bi9vtzhezb/vaikiska_guide.png?dl=0;;;;;;;;Child;1502 MBK parent;Variation;Size;;;;;;;;;YEs Kids Children Unisex Boys Boy Girls Girl White T-shirt Tshirt T shirt;Spring-Summer 13;;Casual;Regular Fit;High quality short sleeve Tshirt. Made in EU, France. ;Jersey made by professional silkography method. Paint made in United Kingdom. ;Could be great gift for a birthday, Christmas or other celebration. Write us and we will take care of surprise for someone!;Shirt is fashionable, stylish for nearly any occasion. Perfect match with any outfit. ;The item will be send by the same day. ;;;;;;Spring-Summer;Cotton;;;;;;;;;;;;;;;;;;;;;;;;;;;;;;;;;;;;;;;;;;;;;;;;;;;;;;;;;;;;;;GBP;;;;;;;;;;;;;;;;;;;;;;;;;;;;;;;;;;;
shirt;1502 MBK S;Anamita Tshirt;;GTIN;YEs Kids Children Unisex Boys Boy Girls Girl White T-shirt Tshirt T shirt;1730918031;Cotton;100% Cotton;White;White;S (122-128cm) (7-8 years);Girls;Small;false;10.45;5000;google.commmmmm;https://www.dropbox.com/s/cahz4bi9vtzhezb/vaikiska_guide.png?dl=0;;;;;;;;Child;1502 MBK parent;Variation;Size;;;;;;;;;YEs Kids Children Unisex Boys Boy Girls Girl White T-shirt Tshirt T shirt;Spring-Summer 14;;Casual;Regular Fit;High quality short sleeve Tshirt. Made in EU, France. ;Jersey made by professional silkography method. Paint made in United Kingdom. ;Could be great gift for a birthday, Christmas or other celebration. Write us and we will take care of surprise for someone!;Shirt is fashionable, stylish for nearly any occasion. Perfect match with any outfit. ;The item will be send by the same day. ;;;;;;Spring-Summer;Cotton;;;;;;;;;;;;;;;;;;;;;;;;;;;;;;;;;;;;;;;;;;;;;;;;;;;;;;;;;;;;;;GBP;;;;;;;;;;;;;;;;;;;;;;;;;;;;;;;;;;;
shirt;1502 MBK M;Anamita Tshirt;;GTIN;YEs Kids Children Unisex Boys Boy Girls Girl White T-shirt Tshirt T shirt;1730918031;Cotton;100% Cotton;White;White;M (134-140cm) (9-10 years);Girls;Medium;false;10.45;5000;google.commmmmm;https://www.dropbox.com/s/cahz4bi9vtzhezb/vaikiska_guide.png?dl=0;;;;;;;;Child;1502 MBK parent;Variation;Size;;;;;;;;;YEs Kids Children Unisex Boys Boy Girls Girl White T-shirt Tshirt T shirt;Spring-Summer 15;;Casual;Regular Fit;High quality short sleeve Tshirt. Made in EU, France. ;Jersey made by professional silkography method. Paint made in United Kingdom. ;Could be great gift for a birthday, Christmas or other celebration. Write us and we will take care of surprise for someone!;Shirt is fashionable, stylish for nearly any occasion. Perfect match with any outfit. ;The item will be send by the same day. ;;;;;;Spring-Summer;Cotton;;;;;;;;;;;;;;;;;;;;;;;;;;;;;;;;;;;;;;;;;;;;;;;;;;;;;;;;;;;;;;GBP;;;;;;;;;;;;;;;;;;;;;;;;;;;;;;;;;;;
shirt;1502 MBK L;Anamita Tshirt;;GTIN;YEs Kids Children Unisex Boys Boy Girls Girl White T-shirt Tshirt T shirt;1730918031;Cotton;100% Cotton;White;White;L (146-152cm) (11-12 years);Girls;Large;false;10.45;5000;google.commmmmm;https://www.dropbox.com/s/cahz4bi9vtzhezb/vaikiska_guide.png?dl=0;;;;;;;;Child;1502 MBK parent;Variation;Size;;;;;;;;;YEs Kids Children Unisex Boys Boy Girls Girl White T-shirt Tshirt T shirt;Spring-Summer 16;;Casual;Regular Fit;High quality short sleeve Tshirt. Made in EU, France. ;Jersey made by professional silkography method. Paint made in United Kingdom. ;Could be great gift for a birthday, Christmas or other celebration. Write us and we will take care of surprise for someone!;Shirt is fashionable, stylish for nearly any occasion. Perfect match with any outfit. ;The item will be send by the same day. ;;;;;;Spring-Summer;Cotton;;;;;;;;;;;;;;;;;;;;;;;;;;;;;;;;;;;;;;;;;;;;;;;;;;;;;;;;;;;;;;GBP;;;;;;;;;;;;;;;;;;;;;;;;;;;;;;;;;;;
shirt;1502 MBK XL;Anamita Tshirt;;GTIN;YEs Kids Children Unisex Boys Boy Girls Girl White T-shirt Tshirt T shirt;1730918031;Cotton;100% Cotton;White;White;XL (158-164cm) (12-13 years);Girls;X-Large;false;10.45;5000;google.commmmmm;https://www.dropbox.com/s/cahz4bi9vtzhezb/vaikiska_guide.png?dl=0;;;;;;;;Child;1502 MBK parent;Variation;Size;;;;;;;;;YEs Kids Children Unisex Boys Boy Girls Girl White T-shirt Tshirt T shirt;Spring-Summer 17;;Casual;Regular Fit;High quality short sleeve Tshirt. Made in EU, France. ;Jersey made by professional silkography method. Paint made in United Kingdom. ;Could be great gift for a birthday, Christmas or other celebration. Write us and we will take care of surprise for someone!;Shirt is fashionable, stylish for nearly any occasion. Perfect match with any outfit. ;The item will be send by the same day. ;;;;;;Spring-Summer;Cotton;;;;;;;;;;;;;;;;;;;;;;;;;;;;;;;;;;;;;;;;;;;;;;;;;;;;;;;;;;;;;;GBP;;;;;;;;;;;;;;;;;;;;;;;;;;;;;;;;;;;
,;;;;;;;;;;;;;;;;;;;;;;;;;;;;;;;;;;;;;;;;;;;;;;;;;;;;;;;;;;;;;;;;;;;;;;;;;;;;;;;;;;;;;;;;;;;;;;;;;;;;;;;;;;;;;;;;;;;;;;;;;;;;;;;;;;;;;;;;;;;;;;;;;;;;;;
shirt;1502 MPK parent;Anamita Tshirt;;GTIN;YEs Kids Children Unisex Boys Boy Girls Girl Grey T-shirt Tshirt T shirt;1730918031;Cotton;100% Cotton;Grey;Grey;;Girls;;false;10.45;5000;google.commmmmmm;https://www.dropbox.com/s/cahz4bi9vtzhezb/vaikiska_guide.png?dl=0;;;;;;;;Parent;;;Size;;;;;;;;;YEs Kids Children Unisex Boys Boy Girls Girl Grey T-shirt Tshirt T shirt;Spring-Summer 12;;Casual;Regular Fit;High quality short sleeve Tshirt. Made in EU, France. ;Jersey made by professional silkography method. Paint made in United Kingdom. ;Could be great gift for a birthday, Christmas or other celebration. Write us and we will take care of surprise for someone!;Shirt is fashionable, stylish for nearly any occasion. Perfect match with any outfit. ;The item will be send by the same day. ;;;;;;Spring-Summer;Cotton;;;;;;;;;;;;;;;;;;;;;;;;;;;;;;;;;;;;;;;;;;;;;;;;;;;;;;;;;;;;;;GBP;;;;;;;;;;;;;;;;;;;;;;;;;;;;;;;;;;;
shirt;1502 MPK XS;Anamita Tshirt;;GTIN;YEs Kids Children Unisex Boys Boy Girls Girl Grey T-shirt Tshirt T shirt;1730918031;Cotton;100% Cotton;Grey;Grey;XS (110-116cm) (5-6 years);Girls;X-Small;false;10.45;5000;google.commmmmmm;https://www.dropbox.com/s/cahz4bi9vtzhezb/vaikiska_guide.png?dl=0;;;;;;;;Child;1502 MPK parent;Variation;Size;;;;;;;;;YEs Kids Children Unisex Boys Boy Girls Girl Grey T-shirt Tshirt T shirt;Spring-Summer 13;;Casual;Regular Fit;High quality short sleeve Tshirt. Made in EU, France. ;Jersey made by professional silkography method. Paint made in United Kingdom. ;Could be great gift for a birthday, Christmas or other celebration. Write us and we will take care of surprise for someone!;Shirt is fashionable, stylish for nearly any occasion. Perfect match with any outfit. ;The item will be send by the same day. ;;;;;;Spring-Summer;Cotton;;;;;;;;;;;;;;;;;;;;;;;;;;;;;;;;;;;;;;;;;;;;;;;;;;;;;;;;;;;;;;GBP;;;;;;;;;;;;;;;;;;;;;;;;;;;;;;;;;;;
shirt;1502 MPK S;Anamita Tshirt;;GTIN;YEs Kids Children Unisex Boys Boy Girls Girl Grey T-shirt Tshirt T shirt;1730918031;Cotton;100% Cotton;Grey;Grey;S (122-128cm) (7-8 years);Girls;Small;false;10.45;5000;google.commmmmmm;https://www.dropbox.com/s/cahz4bi9vtzhezb/vaikiska_guide.png?dl=0;;;;;;;;Child;1502 MPK parent;Variation;Size;;;;;;;;;YEs Kids Children Unisex Boys Boy Girls Girl Grey T-shirt Tshirt T shirt;Spring-Summer 14;;Casual;Regular Fit;High quality short sleeve Tshirt. Made in EU, France. ;Jersey made by professional silkography method. Paint made in United Kingdom. ;Could be great gift for a birthday, Christmas or other celebration. Write us and we will take care of surprise for someone!;Shirt is fashionable, stylish for nearly any occasion. Perfect match with any outfit. ;The item will be send by the same day. ;;;;;;Spring-Summer;Cotton;;;;;;;;;;;;;;;;;;;;;;;;;;;;;;;;;;;;;;;;;;;;;;;;;;;;;;;;;;;;;;GBP;;;;;;;;;;;;;;;;;;;;;;;;;;;;;;;;;;;
shirt;1502 MPK M;Anamita Tshirt;;GTIN;YEs Kids Children Unisex Boys Boy Girls Girl Grey T-shirt Tshirt T shirt;1730918031;Cotton;100% Cotton;Grey;Grey;M (134-140cm) (9-10 years);Girls;Medium;false;10.45;5000;google.commmmmmm;https://www.dropbox.com/s/cahz4bi9vtzhezb/vaikiska_guide.png?dl=0;;;;;;;;Child;1502 MPK parent;Variation;Size;;;;;;;;;YEs Kids Children Unisex Boys Boy Girls Girl Grey T-shirt Tshirt T shirt;Spring-Summer 15;;Casual;Regular Fit;High quality short sleeve Tshirt. Made in EU, France. ;Jersey made by professional silkography method. Paint made in United Kingdom. ;Could be great gift for a birthday, Christmas or other celebration. Write us and we will take care of surprise for someone!;Shirt is fashionable, stylish for nearly any occasion. Perfect match with any outfit. ;The item will be send by the same day. ;;;;;;Spring-Summer;Cotton;;;;;;;;;;;;;;;;;;;;;;;;;;;;;;;;;;;;;;;;;;;;;;;;;;;;;;;;;;;;;;GBP;;;;;;;;;;;;;;;;;;;;;;;;;;;;;;;;;;;
shirt;1502 MPK L;Anamita Tshirt;;GTIN;YEs Kids Children Unisex Boys Boy Girls Girl Grey T-shirt Tshirt T shirt;1730918031;Cotton;100% Cotton;Grey;Grey;L (146-152cm) (11-12 years);Girls;Large;false;10.45;5000;google.commmmmmm;https://www.dropbox.com/s/cahz4bi9vtzhezb/vaikiska_guide.png?dl=0;;;;;;;;Child;1502 MPK parent;Variation;Size;;;;;;;;;YEs Kids Children Unisex Boys Boy Girls Girl Grey T-shirt Tshirt T shirt;Spring-Summer 16;;Casual;Regular Fit;High quality short sleeve Tshirt. Made in EU, France. ;Jersey made by professional silkography method. Paint made in United Kingdom. ;Could be great gift for a birthday, Christmas or other celebration. Write us and we will take care of surprise for someone!;Shirt is fashionable, stylish for nearly any occasion. Perfect match with any outfit. ;The item will be send by the same day. ;;;;;;Spring-Summer;Cotton;;;;;;;;;;;;;;;;;;;;;;;;;;;;;;;;;;;;;;;;;;;;;;;;;;;;;;;;;;;;;;GBP;;;;;;;;;;;;;;;;;;;;;;;;;;;;;;;;;;;
shirt;1502 MPK XL;Anamita Tshirt;;GTIN;YEs Kids Children Unisex Boys Boy Girls Girl Grey T-shirt Tshirt T shirt;1730918031;Cotton;100% Cotton;Grey;Grey;XL (158-164cm) (12-13 years);Girls;X-Large;false;10.45;5000;google.commmmmmm;https://www.dropbox.com/s/cahz4bi9vtzhezb/vaikiska_guide.png?dl=0;;;;;;;;Child;1502 MPK parent;Variation;Size;;;;;;;;;YEs Kids Children Unisex Boys Boy Girls Girl Grey T-shirt Tshirt T shirt;Spring-Summer 17;;Casual;Regular Fit;High quality short sleeve Tshirt. Made in EU, France. ;Jersey made by professional silkography method. Paint made in United Kingdom. ;Could be great gift for a birthday, Christmas or other celebration. Write us and we will take care of surprise for someone!;Shirt is fashionable, stylish for nearly any occasion. Perfect match with any outfit. ;The item will be send by the same day. ;;;;;;Spring-Summer;Cotton;;;;;;;;;;;;;;;;;;;;;;;;;;;;;;;;;;;;;;;;;;;;;;;;;;;;;;;;;;;;;;GBP;;;;;;;;;;;;;;;;;;;;;;;;;;;;;;;;;;;
,;;;;;;;;;;;;;;;;;;;;;;;;;;;;;;;;;;;;;;;;;;;;;;;;;;;;;;;;;;;;;;;;;;;;;;;;;;;;;;;;;;;;;;;;;;;;;;;;;;;;;;;;;;;;;;;;;;;;;;;;;;;;;;;;;;;;;;;;;;;;;;;;;;;;;;
sweater;1502 SW parent;Anamita Tshirt;;GTIN;YEs Unisex Women's Womens Women Men's Mens Men Sweatshirt Pullover;1731021031;Cotton;70% Cotton 30% Polyester;Grey;Grey;;Men;;false;24.99;5000;google.commmmmmmm;https://www.dropbox.com/s/7seqlk7n7cw8qb8/vyriska_sweather-1.png?dl=0;;;;;;;;Parent;;;Size;;;;;;;;;YEs Unisex Women's Womens Women Men's Mens Men Sweatshirt Pullover;Spring-Summer 12;;Casual;Regular Fit;High quality pullover. Made in EU, France. ;Sweatshirt made by professional silkography method. Paint made in United Kingdom. ;Could be great gift for a birthday, Christmas or other celebration. Write us and we will take care of surprise for someone!;Fashionable, stylish for nearly any occasion. Perfect match with any outfit. ;The item will be send by the same day. ;;;;;;Spring-Summer;Cotton;;;;;;;;;;;;;;;;;;;;;;;;;;;;;;;;;;;;;;;;;;;;;;;;;;;;;;;;;;;;;;GBP;;;;;;;;;;;;;;;;;;;;;;;;;;;;;;;;;;;
sweater;1502 SW S;Anamita Tshirt;;GTIN;YEs Unisex Women's Womens Women Men's Mens Men Sweatshirt Pullover;1731021031;Cotton;70% Cotton 30% Polyester;Grey;Grey;S;Men;Small;false;24.99;5000;google.commmmmmmm;https://www.dropbox.com/s/7seqlk7n7cw8qb8/vyriska_sweather-1.png?dl=0;;;;;;;;Child;1502 SW parent;Variation;Size;;;;;;;;;YEs Unisex Women's Womens Women Men's Mens Men Sweatshirt Pullover;Spring-Summer 13;;Casual;Regular Fit;High quality pullover. Made in EU, France. ;Sweatshirt made by professional silkography method. Paint made in United Kingdom. ;Could be great gift for a birthday, Christmas or other celebration. Write us and we will take care of surprise for someone!;Fashionable, stylish for nearly any occasion. Perfect match with any outfit. ;The item will be send by the same day. ;;;;;;Spring-Summer;Cotton;;;;;;;;;;;;;;;;;;;;;;;;;;;;;;;;;;;;;;;;;;;;;;;;;;;;;;;;;;;;;;GBP;;;;;;;;;;;;;;;;;;;;;;;;;;;;;;;;;;;
sweater;1502 SW M;Anamita Tshirt;;GTIN;YEs Unisex Women's Womens Women Men's Mens Men Sweatshirt Pullover;1731021031;Cotton;70% Cotton 30% Polyester;Grey;Grey;M;Men;Medium;false;24.99;5000;google.commmmmmmm;https://www.dropbox.com/s/7seqlk7n7cw8qb8/vyriska_sweather-1.png?dl=0;;;;;;;;Child;1502 SW parent;Variation;Size;;;;;;;;;YEs Unisex Women's Womens Women Men's Mens Men Sweatshirt Pullover;Spring-Summer 14;;Casual;Regular Fit;High quality pullover. Made in EU, France. ;Sweatshirt made by professional silkography method. Paint made in United Kingdom. ;Could be great gift for a birthday, Christmas or other celebration. Write us and we will take care of surprise for someone!;Fashionable, stylish for nearly any occasion. Perfect match with any outfit. ;The item will be send by the same day. ;;;;;;Spring-Summer;Cotton;;;;;;;;;;;;;;;;;;;;;;;;;;;;;;;;;;;;;;;;;;;;;;;;;;;;;;;;;;;;;;GBP;;;;;;;;;;;;;;;;;;;;;;;;;;;;;;;;;;;
sweater;1502 SW L;Anamita Tshirt;;GTIN;YEs Unisex Women's Womens Women Men's Mens Men Sweatshirt Pullover;1731021031;Cotton;70% Cotton 30% Polyester;Grey;Grey;L;Men;Large;false;24.99;5000;google.commmmmmmm;https://www.dropbox.com/s/7seqlk7n7cw8qb8/vyriska_sweather-1.png?dl=0;;;;;;;;Child;1502 SW parent;Variation;Size;;;;;;;;;YEs Unisex Women's Womens Women Men's Mens Men Sweatshirt Pullover;Spring-Summer 15;;Casual;Regular Fit;High quality pullover. Made in EU, France. ;Sweatshirt made by professional silkography method. Paint made in United Kingdom. ;Could be great gift for a birthday, Christmas or other celebration. Write us and we will take care of surprise for someone!;Fashionable, stylish for nearly any occasion. Perfect match with any outfit. ;The item will be send by the same day. ;;;;;;Spring-Summer;Cotton;;;;;;;;;;;;;;;;;;;;;;;;;;;;;;;;;;;;;;;;;;;;;;;;;;;;;;;;;;;;;;GBP;;;;;;;;;;;;;;;;;;;;;;;;;;;;;;;;;;;
sweater;1502 SW XL;Anamita Tshirt;;GTIN;YEs Unisex Women's Womens Women Men's Mens Men Sweatshirt Pullover;1731021031;Cotton;70% Cotton 30% Polyester;Grey;Grey;XL;Men;X-Large;false;24.99;5000;google.commmmmmmm;https://www.dropbox.com/s/7seqlk7n7cw8qb8/vyriska_sweather-1.png?dl=0;;;;;;;;Child;1502 SW parent;Variation;Size;;;;;;;;;YEs Unisex Women's Womens Women Men's Mens Men Sweatshirt Pullover;Spring-Summer 16;;Casual;Regular Fit;High quality pullover. Made in EU, France. ;Sweatshirt made by professional silkography method. Paint made in United Kingdom. ;Could be great gift for a birthday, Christmas or other celebration. Write us and we will take care of surprise for someone!;Fashionable, stylish for nearly any occasion. Perfect match with any outfit. ;The item will be send by the same day. ;;;;;;Spring-Summer;Cotton;;;;;;;;;;;;;;;;;;;;;;;;;;;;;;;;;;;;;;;;;;;;;;;;;;;;;;;;;;;;;;GBP;;;;;;;;;;;;;;;;;;;;;;;;;;;;;;;;;;;
sweater;1502 SW XXL;Anamita Tshirt;;GTIN;YEs Unisex Women's Womens Women Men's Mens Men Sweatshirt Pullover;1731021031;Cotton;70% Cotton 30% Polyester;Grey;Grey;XXL;Men;XX-Large;false;24.99;5000;google.commmmmmmm;https://www.dropbox.com/s/7seqlk7n7cw8qb8/vyriska_sweather-1.png?dl=0;;;;;;;;Child;1502 SW parent;Variation;Size;;;;;;;;;YEs Unisex Women's Womens Women Men's Mens Men Sweatshirt Pullover;Spring-Summer 17;;Casual;Regular Fit;High quality pullover. Made in EU, France. ;Sweatshirt made by professional silkography method. Paint made in United Kingdom. ;Could be great gift for a birthday, Christmas or other celebration. Write us and we will take care of surprise for someone!;Fashionable, stylish for nearly any occasion. Perfect match with any outfit. ;The item will be send by the same day. ;;;;;;Spring-Summer;Cotton;;;;;;;;;;;;;;;;;;;;;;;;;;;;;;;;;;;;;;;;;;;;;;;;;;;;;;;;;;;;;;GBP;;;;;;;;;;;;;;;;;;;;;;;;;;;;;;;;;;;
,;;;;;;;;;;;;;;;;;;;;;;;;;;;;;;;;;;;;;;;;;;;;;;;;;;;;;;;;;;;;;;;;;;;;;;;;;;;;;;;;;;;;;;;;;;;;;;;;;;;;;;;;;;;;;;;;;;;;;;;;;;;;;;;;;;;;;;;;;;;;;;;;;;;;;;
sweater;1502 HO parent;Anamita Tshirt;;GTIN;YEs Unisex Women's Womens Women Men's Mens Men Sweatshirt Pullover Hoodie;1730980031;Cotton;70% Cotton 30% Polyester;Grey;Grey;;Women;;false;27.99;5000;google.commmmmmmmm;https://www.dropbox.com/s/rsf7nx3vc6oac5i/vyriska_hoodies.png?dl=0;;;;;;;;Parent;;;Size;;;;;;;;;YEs Unisex Women's Womens Women Men's Mens Men Sweatshirt Pullover Hoodie;Spring-Summer 12;;Casual;Regular Fit;High quality pullover. Made in EU, France. ;Sweatshirt made by professional silkography method. Paint made in United Kingdom. ;Could be great gift for a birthday, Christmas or other celebration. Write us and we will take care of surprise for someone!;Fashionable, stylish for nearly any occasion. Perfect match with any outfit. ;The item will be send by the same day. ;;;;;;Spring-Summer;Cotton;;;;;;;;;;;;;;;;;;;;;;;;;;;;;;;;;;;;;;;;;;;;;;;;;;;;;;;;;;;;;;GBP;;;;;;;;;;;;;;;;;;;;;;;;;;;;;;;;;;;
sweater;1502 HO S;Anamita Tshirt;;GTIN;YEs Unisex Women's Womens Women Men's Mens Men Sweatshirt Pullover Hoodie;1730980031;Cotton;70% Cotton 30% Polyester;Grey;Grey;S;Women;Small;false;27.99;5000;google.commmmmmmmm;https://www.dropbox.com/s/rsf7nx3vc6oac5i/vyriska_hoodies.png?dl=0;;;;;;;;Child;1502 HO parent;Variation;Size;;;;;;;;;YEs Unisex Women's Womens Women Men's Mens Men Sweatshirt Pullover Hoodie;Spring-Summer 13;;Casual;Regular Fit;High quality pullover. Made in EU, France. ;Sweatshirt made by professional silkography method. Paint made in United Kingdom. ;Could be great gift for a birthday, Christmas or other celebration. Write us and we will take care of surprise for someone!;Fashionable, stylish for nearly any occasion. Perfect match with any outfit. ;The item will be send by the same day. ;;;;;;Spring-Summer;Cotton;;;;;;;;;;;;;;;;;;;;;;;;;;;;;;;;;;;;;;;;;;;;;;;;;;;;;;;;;;;;;;GBP;;;;;;;;;;;;;;;;;;;;;;;;;;;;;;;;;;;
sweater;1502 HO M;Anamita Tshirt;;GTIN;YEs Unisex Women's Womens Women Men's Mens Men Sweatshirt Pullover Hoodie;1730980031;Cotton;70% Cotton 30% Polyester;Grey;Grey;M;Women;Medium;false;27.99;5000;google.commmmmmmmm;https://www.dropbox.com/s/rsf7nx3vc6oac5i/vyriska_hoodies.png?dl=0;;;;;;;;Child;1502 HO parent;Variation;Size;;;;;;;;;YEs Unisex Women's Womens Women Men's Mens Men Sweatshirt Pullover Hoodie;Spring-Summer 14;;Casual;Regular Fit;High quality pullover. Made in EU, France. ;Sweatshirt made by professional silkography method. Paint made in United Kingdom. ;Could be great gift for a birthday, Christmas or other celebration. Write us and we will take care of surprise for someone!;Fashionable, stylish for nearly any occasion. Perfect match with any outfit. ;The item will be send by the same day. ;;;;;;Spring-Summer;Cotton;;;;;;;;;;;;;;;;;;;;;;;;;;;;;;;;;;;;;;;;;;;;;;;;;;;;;;;;;;;;;;GBP;;;;;;;;;;;;;;;;;;;;;;;;;;;;;;;;;;;
sweater;1502 HO L;Anamita Tshirt;;GTIN;YEs Unisex Women's Womens Women Men's Mens Men Sweatshirt Pullover Hoodie;1730980031;Cotton;70% Cotton 30% Polyester;Grey;Grey;L;Women;Large;false;27.99;5000;google.commmmmmmmm;https://www.dropbox.com/s/rsf7nx3vc6oac5i/vyriska_hoodies.png?dl=0;;;;;;;;Child;1502 HO parent;Variation;Size;;;;;;;;;YEs Unisex Women's Womens Women Men's Mens Men Sweatshirt Pullover Hoodie;Spring-Summer 15;;Casual;Regular Fit;High quality pullover. Made in EU, France. ;Sweatshirt made by professional silkography method. Paint made in United Kingdom. ;Could be great gift for a birthday, Christmas or other celebration. Write us and we will take care of surprise for someone!;Fashionable, stylish for nearly any occasion. Perfect match with any outfit. ;The item will be send by the same day. ;;;;;;Spring-Summer;Cotton;;;;;;;;;;;;;;;;;;;;;;;;;;;;;;;;;;;;;;;;;;;;;;;;;;;;;;;;;;;;;;GBP;;;;;;;;;;;;;;;;;;;;;;;;;;;;;;;;;;;
sweater;1502 HO XL;Anamita Tshirt;;GTIN;YEs Unisex Women's Womens Women Men's Mens Men Sweatshirt Pullover Hoodie;1730980031;Cotton;70% Cotton 30% Polyester;Grey;Grey;XL;Women;X-Large;false;27.99;5000;google.commmmmmmmm;https://www.dropbox.com/s/rsf7nx3vc6oac5i/vyriska_hoodies.png?dl=0;;;;;;;;Child;1502 HO parent;Variation;Size;;;;;;;;;YEs Unisex Women's Womens Women Men's Mens Men Sweatshirt Pullover Hoodie;Spring-Summer 16;;Casual;Regular Fit;High quality pullover. Made in EU, France. ;Sweatshirt made by professional silkography method. Paint made in United Kingdom. ;Could be great gift for a birthday, Christmas or other celebration. Write us and we will take care of surprise for someone!;Fashionable, stylish for nearly any occasion. Perfect match with any outfit. ;The item will be send by the same day. ;;;;;;Spring-Summer;Cotton;;;;;;;;;;;;;;;;;;;;;;;;;;;;;;;;;;;;;;;;;;;;;;;;;;;;;;;;;;;;;;GBP;;;;;;;;;;;;;;;;;;;;;;;;;;;;;;;;;;;
sweater;1502 HO XXL;Anamita Tshirt;;GTIN;YEs Unisex Women's Womens Women Men's Mens Men Sweatshirt Pullover Hoodie;1730980031;Cotton;70% Cotton 30% Polyester;Grey;Grey;XXL;Women;XX-Large;false;27.99;5000;google.commmmmmmmm;https://www.dropbox.com/s/rsf7nx3vc6oac5i/vyriska_hoodies.png?dl=0;;;;;;;;Child;1502 HO parent;Variation;Size;;;;;;;;;YEs Unisex Women's Womens Women Men's Mens Men Sweatshirt Pullover Hoodie;Spring-Summer 17;;Casual;Regular Fit;High quality pullover. Made in EU, France. ;Sweatshirt made by professional silkography method. Paint made in United Kingdom. ;Could be great gift for a birthday, Christmas or other celebration. Write us and we will take care of surprise for someone!;Fashionable, stylish for nearly any occasion. Perfect match with any outfit. ;The item will be send by the same day. ;;;;;;Spring-Summer;Cotton;;;;;;;;;;;;;;;;;;;;;;;;;;;;;;;;;;;;;;;;;;;;;;;;;;;;;;;;;;;;;;GBP;;;;;;;;;;;;;;;;;;;;;;;;;;;;;;;;;;;
,;;;;;;;;;;;;;;;;;;;;;;;;;;;;;;;;;;;;;;;;;;;;;;;;;;;;;;;;;;;;;;;;;;;;;;;;;;;;;;;;;;;;;;;;;;;;;;;;;;;;;;;;;;;;;;;;;;;;;;;;;;;;;;;;;;;;;;;;;;;;;;;;;;;;;;
,;;;;;;;;;;;;;;;;;;;;;;;;;;;;;;;;;;;;;;;;;;;;;;;;;;;;;;;;;;;;;;;;;;;;;;;;;;;;;;;;;;;;;;;;;;;;;;;;;;;;;;;;;;;;;;;;;;;;;;;;;;;;;;;;;;;;;;;;;;;;;;;;;;;;;;
